date,sales,profit,days_real,days_sched,risk,region,category,city,product,lat,lon,status,mode
2024-03-28,39822.0,3234.0,3,3,0,Восточный КЗ,Продукты,Семей,Обувь защитная,50.4111,80.2275,Shipping on time,Standard
2024-10-03,343030.0,31719.0,3,1,1,Западный КЗ,Хозтовары,Уральск,Плитка керамическая,51.2278,51.3865,Shipping on time,Standard
2024-09-27,22795.0,1352.0,1,1,0,Западный КЗ,Хозтовары,Атырау,Перчатки х/б,47.1167,51.9167,Shipping on time,Express
2024-01-14,213170.0,11224.0,4,4,0,Восточный КЗ,Стройматериалы,Усть-Каменогорск,Плитка керамическая,49.9485,82.6113,Late delivery,Express
2024-07-24,112950.0,16834.0,3,3,0,Южный КЗ,Продукты,Тараз,Арматура 12м,42.8983,71.366,Shipping on time,Standard
2024-07-09,89112.0,14573.0,3,3,0,Северный КЗ,Одежда,Астана,Мука (мешок 50кг),51.169392,71.449074,Late delivery,Express
2024-08-02,276363.0,31867.0,3,2,1,Восточный КЗ,Инструменты,Усть-Каменогорск,Арматура 12м,49.9485,82.6113,Shipping on time,Standard
2024-06-05,51689.0,8195.0,4,4,0,Северный КЗ,Стройматериалы,Астана,Обувь защитная,51.169392,71.449074,Shipping on time,Same Day
2024-03-21,68751.0,3631.0,3,3,0,Южный КЗ,Продукты,Алматы,Кабель электрический,43.238949,76.945465,Shipping on time,Same Day
2024-02-02,168520.0,37076.0,4,4,0,Южный КЗ,Хозтовары,Алматы,Смартфон,43.238949,76.945465,Shipping on time,Same Day
2024-05-10,25472.0,1883.0,4,3,1,Южный КЗ,Инструменты,Шымкент,Перчатки х/б,42.341686,69.590101,Shipping on time,Standard
2024-06-27,84167.0,4636.0,3,3,0,Западный КЗ,Одежда,Атырау,Рабочая одежда,47.1167,51.9167,Advance shipping,Same Day
2024-01-13,214388.0,43116.0,4,4,0,Западный КЗ,Хозтовары,Актобе,Ноутбук,50.2839,57.167,Shipping on time,Same Day
2024-02-13,108483.0,15329.0,3,3,0,Южный КЗ,Хозтовары,Шымкент,Арматура 12м,42.341686,69.590101,Shipping on time,Express
2024-08-20,109484.0,5486.0,4,4,0,Западный КЗ,Одежда,Атырау,Кабель электрический,47.1167,51.9167,Shipping on time,Same Day
2024-06-28,77957.0,6522.0,3,3,0,Южный КЗ,Стройматериалы,Тараз,Смартфон,42.8983,71.366,Advance shipping,Standard
2024-07-05,19132.0,2047.0,2,2,0,Западный КЗ,Стройматериалы,Атырау,Перчатки х/б,47.1167,51.9167,Late delivery,Standard
2024-06-08,136895.0,21381.0,2,2,0,Северный КЗ,Электроника,Астана,Смартфон,51.169392,71.449074,Shipping on time,Express
2024-07-16,67204.0,9681.0,2,2,0,Восточный КЗ,Электроника,Семей,Средство для мытья,50.4111,80.2275,Shipping on time,Express
2024-05-26,28874.0,4856.0,2,2,0,Южный КЗ,Продукты,Алматы,Растительное масло,43.238949,76.945465,Shipping on time,Same Day
2024-05-30,158091.0,29269.0,2,2,0,Южный КЗ,Стройматериалы,Тараз,Цемент (мешок 50кг),42.8983,71.366,Late delivery,Same Day
2024-09-10,98848.0,15413.0,4,3,1,Южный КЗ,Электроника,Шымкент,Кабель электрический,42.341686,69.590101,Shipping on time,Standard
2024-04-29,105433.0,23329.0,2,2,0,Северный КЗ,Инструменты,Костанай,Растительное масло,53.2144,63.6246,Shipping on time,Standard
2024-04-08,83791.0,4344.0,3,2,1,Северный КЗ,Инструменты,Костанай,Дрель электрическая,53.2144,63.6246,Shipping on time,Standard
2024-03-08,109976.0,10432.0,3,3,0,Северный КЗ,Стройматериалы,Астана,Рабочая одежда,51.169392,71.449074,Shipping on time,Standard
2024-01-22,139563.0,9593.0,4,4,0,Западный КЗ,Продукты,Актобе,Мука (мешок 50кг),50.2839,57.167,Shipping on time,Express
2024-05-26,130369.0,21561.0,3,3,0,Южный КЗ,Стройматериалы,Шымкент,Мука (мешок 50кг),42.341686,69.590101,Advance shipping,Same Day
2024-02-06,41850.0,5191.0,6,4,1,Южный КЗ,Стройматериалы,Алматы,Перчатки х/б,43.238949,76.945465,Advance shipping,Standard
2024-09-12,163937.0,14456.0,4,5,0,Центральный КЗ,Стройматериалы,Караганда,Плитка керамическая,49.8047,73.0856,Late delivery,Same Day
2024-05-30,59904.0,4159.0,4,4,0,Южный КЗ,Инструменты,Тараз,Сахар,42.8983,71.366,Shipping on time,Express
2024-06-18,116888.0,22417.0,3,2,1,Западный КЗ,Одежда,Атырау,Арматура 12м,47.1167,51.9167,Late delivery,Same Day
2024-01-20,109145.0,16405.0,5,4,1,Южный КЗ,Одежда,Шымкент,Болгарка,42.341686,69.590101,Shipping on time,Standard
2024-07-04,79937.0,4571.0,1,2,0,Южный КЗ,Стройматериалы,Шымкент,Обувь защитная,42.341686,69.590101,Shipping on time,Same Day
2024-09-20,61138.0,4611.0,2,1,1,Северный КЗ,Стройматериалы,Павлодар,Дрель электрическая,52.274,76.9483,Shipping on time,Standard
2024-05-23,9912.0,1549.0,2,3,0,Восточный КЗ,Продукты,Усть-Каменогорск,Перчатки х/б,49.9485,82.6113,Late delivery,Standard
2024-08-16,38958.0,5368.0,2,2,0,Восточный КЗ,Электроника,Усть-Каменогорск,Сахар,49.9485,82.6113,Shipping on time,Express
2024-04-27,111945.0,15501.0,2,3,0,Восточный КЗ,Инструменты,Семей,Растительное масло,50.4111,80.2275,Shipping on time,Standard
2024-03-16,119838.0,20653.0,5,5,0,Центральный КЗ,Продукты,Караганда,Цемент (мешок 50кг),49.8047,73.0856,Shipping on time,Express
2024-07-22,70813.0,17413.0,0,1,0,Центральный КЗ,Одежда,Караганда,Рабочая одежда,49.8047,73.0856,Late delivery,Express
2024-04-09,109724.0,6541.0,2,2,0,Центральный КЗ,Инструменты,Караганда,Кабель электрический,49.8047,73.0856,Shipping on time,Express
2024-06-08,69402.0,5732.0,4,3,1,Западный КЗ,Электроника,Атырау,Электроды сварочные,47.1167,51.9167,Shipping on time,Same Day
2024-09-24,24955.0,3971.0,2,2,0,Западный КЗ,Одежда,Уральск,Перчатки х/б,51.2278,51.3865,Advance shipping,Same Day
2024-09-09,69711.0,4891.0,4,4,0,Южный КЗ,Электроника,Алматы,Мука (мешок 50кг),43.238949,76.945465,Late delivery,Same Day
2024-04-14,90708.0,10715.0,3,3,0,Южный КЗ,Продукты,Шымкент,Дрель электрическая,42.341686,69.590101,Shipping on time,Same Day
2024-06-12,141585.0,29831.0,4,3,1,Западный КЗ,Стройматериалы,Атырау,Болгарка,47.1167,51.9167,Shipping on time,Express
2024-08-11,186486.0,38282.0,5,5,0,Южный КЗ,Инструменты,Тараз,Плитка керамическая,42.8983,71.366,Shipping on time,Standard
2024-08-04,30131.0,4727.0,3,3,0,Южный КЗ,Хозтовары,Алматы,Упаковочная лента,43.238949,76.945465,Shipping on time,Express
2024-07-24,87904.0,6000.0,1,2,0,Северный КЗ,Хозтовары,Костанай,Электроды сварочные,53.2144,63.6246,Shipping on time,Same Day
2024-02-22,82232.0,13218.0,0,1,0,Южный КЗ,Одежда,Шымкент,Обувь защитная,42.341686,69.590101,Advance shipping,Same Day
2024-08-02,59805.0,3659.0,6,4,1,Восточный КЗ,Продукты,Семей,Упаковочная лента,50.4111,80.2275,Shipping on time,Standard
2024-01-07,156360.0,34927.0,5,5,0,Северный КЗ,Инструменты,Костанай,Болгарка,53.2144,63.6246,Shipping on time,Express
2024-05-15,30262.0,4620.0,3,2,1,Западный КЗ,Инструменты,Уральск,Сахар,51.2278,51.3865,Advance shipping,Standard
2024-06-30,97311.0,12188.0,6,4,1,Северный КЗ,Продукты,Павлодар,Дрель электрическая,52.274,76.9483,Shipping on time,Same Day
2024-05-27,20852.0,2997.0,2,2,0,Западный КЗ,Электроника,Атырау,Электроды сварочные,47.1167,51.9167,Advance shipping,Standard
2024-04-26,99030.0,14413.0,3,3,0,Восточный КЗ,Стройматериалы,Семей,Цемент (мешок 50кг),50.4111,80.2275,Late delivery,Express
2024-09-08,54775.0,8520.0,4,5,0,Восточный КЗ,Продукты,Усть-Каменогорск,Упаковочная лента,49.9485,82.6113,Shipping on time,Standard
2024-02-23,67205.0,12712.0,5,5,0,Южный КЗ,Стройматериалы,Шымкент,Электроды сварочные,42.341686,69.590101,Shipping on time,Express
2024-01-08,72867.0,10284.0,4,2,1,Восточный КЗ,Хозтовары,Семей,Средство для мытья,50.4111,80.2275,Shipping on time,Express
2024-05-24,70883.0,17358.0,2,2,0,Западный КЗ,Продукты,Актобе,Мука (мешок 50кг),50.2839,57.167,Advance shipping,Standard
2024-09-12,55725.0,11953.0,3,3,0,Центральный КЗ,Электроника,Караганда,Упаковочная лента,49.8047,73.0856,Advance shipping,Standard
2024-03-05,23165.0,1280.0,5,4,1,Северный КЗ,Стройматериалы,Астана,Сахар,51.169392,71.449074,Advance shipping,Express
2024-07-15,66163.0,6926.0,4,4,0,Северный КЗ,Инструменты,Костанай,Дрель электрическая,53.2144,63.6246,Shipping on time,Same Day
2024-03-25,381220.0,83842.0,3,3,0,Северный КЗ,Стройматериалы,Павлодар,Плитка керамическая,52.274,76.9483,Advance shipping,Express
2024-04-04,85867.0,17294.0,2,2,0,Южный КЗ,Электроника,Алматы,Электроды сварочные,43.238949,76.945465,Late delivery,Same Day
2024-08-09,163100.0,34786.0,4,3,1,Западный КЗ,Хозтовары,Атырау,Арматура 12м,47.1167,51.9167,Advance shipping,Same Day
2024-04-12,28540.0,5076.0,3,3,0,Южный КЗ,Продукты,Алматы,Каска,43.238949,76.945465,Shipping on time,Express
2024-09-05,146545.0,9994.0,3,3,0,Северный КЗ,Электроника,Астана,Принтер,51.169392,71.449074,Advance shipping,Express
2024-05-17,106925.0,25652.0,2,2,0,Западный КЗ,Хозтовары,Уральск,Обувь защитная,51.2278,51.3865,Late delivery,Standard
2024-04-20,89381.0,15792.0,5,5,0,Южный КЗ,Продукты,Алматы,Смартфон,43.238949,76.945465,Shipping on time,Standard
2024-06-03,15370.0,3525.0,3,3,0,Северный КЗ,Продукты,Павлодар,Каска,52.274,76.9483,Late delivery,Standard
2024-01-01,40894.0,3492.0,1,1,0,Западный КЗ,Одежда,Атырау,Электроды сварочные,47.1167,51.9167,Advance shipping,Standard
2024-02-16,114395.0,6619.0,2,2,0,Восточный КЗ,Стройматериалы,Усть-Каменогорск,Рабочая одежда,49.9485,82.6113,Shipping on time,Standard
2024-01-14,162440.0,14923.0,4,4,0,Южный КЗ,Инструменты,Алматы,Ноутбук,43.238949,76.945465,Shipping on time,Express
2024-04-20,39219.0,3941.0,3,3,0,Восточный КЗ,Продукты,Семей,Рабочая одежда,50.4111,80.2275,Shipping on time,Same Day
2024-01-28,31064.0,2205.0,4,4,0,Восточный КЗ,Одежда,Усть-Каменогорск,Упаковочная лента,49.9485,82.6113,Advance shipping,Express
2024-03-08,61820.0,7331.0,1,1,0,Южный КЗ,Стройматериалы,Алматы,Кабель электрический,43.238949,76.945465,Shipping on time,Express
2024-08-23,47367.0,7652.0,3,3,0,Южный КЗ,Стройматериалы,Тараз,Упаковочная лента,42.8983,71.366,Late delivery,Same Day
2024-08-16,122055.0,14795.0,2,2,0,Южный КЗ,Одежда,Тараз,Смартфон,42.8983,71.366,Advance shipping,Standard
2024-04-04,195385.0,13204.0,2,2,0,Центральный КЗ,Инструменты,Караганда,Принтер,49.8047,73.0856,Advance shipping,Same Day
2024-08-07,394009.0,28529.0,3,3,0,Восточный КЗ,Электроника,Семей,Плитка керамическая,50.4111,80.2275,Shipping on time,Same Day
2024-01-26,103519.0,20051.0,3,3,0,Северный КЗ,Продукты,Павлодар,Дрель электрическая,52.274,76.9483,Shipping on time,Same Day
2024-05-19,102434.0,15521.0,2,2,0,Восточный КЗ,Стройматериалы,Усть-Каменогорск,Смартфон,49.9485,82.6113,Advance shipping,Same Day
2024-09-15,52752.0,7714.0,2,2,0,Западный КЗ,Продукты,Атырау,Рабочая одежда,47.1167,51.9167,Late delivery,Standard
2024-04-10,34121.0,6378.0,3,3,0,Западный КЗ,Хозтовары,Уральск,Сахар,51.2278,51.3865,Advance shipping,Standard
2024-08-23,66629.0,4753.0,3,3,0,Южный КЗ,Одежда,Тараз,Средство для мытья,42.8983,71.366,Shipping on time,Express
2024-02-29,19322.0,3830.0,4,4,0,Западный КЗ,Инструменты,Уральск,Средство для мытья,51.2278,51.3865,Shipping on time,Standard
2024-03-18,67176.0,14303.0,2,2,0,Южный КЗ,Продукты,Тараз,Смартфон,42.8983,71.366,Shipping on time,Express
2024-05-04,33694.0,6495.0,3,3,0,Южный КЗ,Продукты,Тараз,Упаковочная лента,42.8983,71.366,Advance shipping,Express
2024-04-13,62191.0,9725.0,3,3,0,Восточный КЗ,Одежда,Семей,Обувь защитная,50.4111,80.2275,Shipping on time,Same Day
2024-10-15,169463.0,14124.0,2,2,0,Северный КЗ,Одежда,Павлодар,Принтер,52.274,76.9483,Shipping on time,Express
2024-03-26,183464.0,14425.0,3,3,0,Западный КЗ,Хозтовары,Актобе,Принтер,50.2839,57.167,Late delivery,Express
2024-07-02,27744.0,6084.0,3,2,1,Центральный КЗ,Хозтовары,Караганда,Сахар,49.8047,73.0856,Shipping on time,Same Day
2024-08-30,149204.0,7824.0,3,3,0,Западный КЗ,Продукты,Уральск,Смартфон,51.2278,51.3865,Shipping on time,Express
2024-08-05,91241.0,8711.0,6,4,1,Северный КЗ,Электроника,Костанай,Смартфон,53.2144,63.6246,Late delivery,Standard
2024-05-12,170836.0,27851.0,2,1,1,Южный КЗ,Хозтовары,Тараз,Цемент (мешок 50кг),42.8983,71.366,Late delivery,Standard
2024-04-10,113765.0,26748.0,3,3,0,Южный КЗ,Стройматериалы,Алматы,Растительное масло,43.238949,76.945465,Late delivery,Standard
2024-05-16,124822.0,16202.0,4,4,0,Западный КЗ,Стройматериалы,Актобе,Цемент (мешок 50кг),50.2839,57.167,Shipping on time,Express
2024-01-17,107034.0,25109.0,2,2,0,Южный КЗ,Электроника,Тараз,Растительное масло,42.8983,71.366,Shipping on time,Same Day
2024-06-25,32413.0,1840.0,2,2,0,Восточный КЗ,Стройматериалы,Усть-Каменогорск,Электроды сварочные,49.9485,82.6113,Shipping on time,Standard
2024-03-03,174355.0,13902.0,3,3,0,Северный КЗ,Инструменты,Павлодар,Болгарка,52.274,76.9483,Advance shipping,Standard
2024-02-01,102617.0,21545.0,2,2,0,Восточный КЗ,Инструменты,Семей,Цемент (мешок 50кг),50.4111,80.2275,Shipping on time,Express
2024-06-23,40198.0,4374.0,3,2,1,Южный КЗ,Продукты,Алматы,Упаковочная лента,43.238949,76.945465,Late delivery,Express
2024-02-24,42282.0,3653.0,3,3,0,Северный КЗ,Одежда,Павлодар,Дрель электрическая,52.274,76.9483,Shipping on time,Same Day
2024-01-08,76052.0,18693.0,4,4,0,Западный КЗ,Электроника,Атырау,Сахар,47.1167,51.9167,Advance shipping,Standard
2024-03-07,66702.0,4724.0,2,2,0,Восточный КЗ,Одежда,Семей,Плитка керамическая,50.4111,80.2275,Advance shipping,Same Day
2024-06-13,118929.0,20294.0,4,3,1,Восточный КЗ,Инструменты,Усть-Каменогорск,Обувь защитная,49.9485,82.6113,Shipping on time,Express
2024-02-05,27077.0,5947.0,1,1,0,Восточный КЗ,Одежда,Семей,Каска,50.4111,80.2275,Shipping on time,Standard
2024-04-28,170684.0,36701.0,4,4,0,Северный КЗ,Продукты,Астана,Арматура 12м,51.169392,71.449074,Shipping on time,Standard
2024-07-20,115103.0,23334.0,3,3,0,Северный КЗ,Стройматериалы,Павлодар,Растительное масло,52.274,76.9483,Shipping on time,Express
2024-07-19,96235.0,18262.0,3,3,0,Восточный КЗ,Стройматериалы,Семей,Дрель электрическая,50.4111,80.2275,Shipping on time,Express
2024-02-10,51484.0,8028.0,3,3,0,Западный КЗ,Электроника,Актобе,Упаковочная лента,50.2839,57.167,Late delivery,Express
2024-01-27,72867.0,3804.0,4,3,1,Южный КЗ,Одежда,Алматы,Смартфон,43.238949,76.945465,Shipping on time,Standard
2024-07-08,127350.0,29658.0,3,3,0,Западный КЗ,Электроника,Уральск,Арматура 12м,51.2278,51.3865,Late delivery,Express
2024-10-22,65114.0,4145.0,1,2,0,Восточный КЗ,Продукты,Усть-Каменогорск,Средство для мытья,49.9485,82.6113,Shipping on time,Same Day
2024-03-09,80615.0,19413.0,4,3,1,Южный КЗ,Инструменты,Алматы,Кабель электрический,43.238949,76.945465,Late delivery,Standard
2024-07-19,29885.0,4461.0,2,2,0,Западный КЗ,Одежда,Актобе,Обувь защитная,50.2839,57.167,Late delivery,Express
2024-01-25,72072.0,13527.0,1,1,0,Центральный КЗ,Электроника,Караганда,Растительное масло,49.8047,73.0856,Shipping on time,Same Day
2024-04-10,74461.0,12513.0,3,3,0,Южный КЗ,Продукты,Шымкент,Болгарка,42.341686,69.590101,Shipping on time,Same Day
2024-09-20,45032.0,7132.0,5,5,0,Южный КЗ,Продукты,Алматы,Дрель электрическая,43.238949,76.945465,Shipping on time,Same Day
2024-01-26,78705.0,11639.0,4,3,1,Южный КЗ,Продукты,Алматы,Смартфон,43.238949,76.945465,Late delivery,Same Day
2024-01-07,112225.0,6373.0,2,2,0,Восточный КЗ,Одежда,Семей,Дрель электрическая,50.4111,80.2275,Shipping on time,Standard
2024-04-12,143034.0,8722.0,3,3,0,Западный КЗ,Продукты,Уральск,Болгарка,51.2278,51.3865,Shipping on time,Standard
2024-02-08,28314.0,5520.0,1,1,0,Восточный КЗ,Хозтовары,Усть-Каменогорск,Упаковочная лента,49.9485,82.6113,Advance shipping,Same Day
2024-06-18,41561.0,4014.0,4,3,1,Западный КЗ,Продукты,Актобе,Упаковочная лента,50.2839,57.167,Shipping on time,Express
2024-01-29,50342.0,12565.0,4,3,1,Восточный КЗ,Хозтовары,Семей,Упаковочная лента,50.4111,80.2275,Advance shipping,Express
2024-03-05,44411.0,9045.0,4,3,1,Центральный КЗ,Стройматериалы,Караганда,Перчатки х/б,49.8047,73.0856,Advance shipping,Express
2024-07-11,26223.0,2536.0,2,2,0,Южный КЗ,Стройматериалы,Шымкент,Упаковочная лента,42.341686,69.590101,Advance shipping,Standard
2024-10-21,300859.0,20423.0,3,2,1,Южный КЗ,Инструменты,Алматы,Ноутбук,43.238949,76.945465,Shipping on time,Same Day
2024-08-30,143414.0,25804.0,5,5,0,Северный КЗ,Одежда,Астана,Кабель электрический,51.169392,71.449074,Late delivery,Standard
2024-09-17,338463.0,72851.0,1,2,0,Северный КЗ,Одежда,Костанай,Арматура 12м,53.2144,63.6246,Advance shipping,Express
2024-03-02,148479.0,22725.0,3,3,0,Южный КЗ,Электроника,Тараз,Плитка керамическая,42.8983,71.366,Shipping on time,Standard
2024-04-07,60753.0,13911.0,3,3,0,Южный КЗ,Одежда,Шымкент,Принтер,42.341686,69.590101,Advance shipping,Same Day
2024-01-09,75088.0,16552.0,2,2,0,Западный КЗ,Электроника,Уральск,Плитка керамическая,51.2278,51.3865,Advance shipping,Same Day
2024-06-24,39225.0,3999.0,1,1,0,Центральный КЗ,Одежда,Караганда,Средство для мытья,49.8047,73.0856,Late delivery,Express
2024-08-11,55278.0,12175.0,2,2,0,Северный КЗ,Одежда,Павлодар,Смартфон,52.274,76.9483,Shipping on time,Express
2024-08-03,252349.0,26094.0,2,2,0,Южный КЗ,Инструменты,Шымкент,Плитка керамическая,42.341686,69.590101,Shipping on time,Same Day
2024-07-06,25924.0,4823.0,4,3,1,Южный КЗ,Продукты,Алматы,Каска,43.238949,76.945465,Shipping on time,Same Day
2024-06-06,51639.0,3913.0,3,4,0,Северный КЗ,Продукты,Костанай,Упаковочная лента,53.2144,63.6246,Late delivery,Same Day
2024-06-03,81724.0,8778.0,4,4,0,Западный КЗ,Инструменты,Актобе,Арматура 12м,50.2839,57.167,Advance shipping,Standard
2024-03-14,135598.0,27929.0,2,2,0,Южный КЗ,Инструменты,Алматы,Мука (мешок 50кг),43.238949,76.945465,Late delivery,Standard
2024-08-06,114037.0,21391.0,4,4,0,Восточный КЗ,Электроника,Усть-Каменогорск,Обувь защитная,49.9485,82.6113,Shipping on time,Standard
2024-09-26,85124.0,5035.0,3,3,0,Северный КЗ,Электроника,Павлодар,Дрель электрическая,52.274,76.9483,Shipping on time,Same Day
2024-05-13,208231.0,13145.0,3,3,0,Восточный КЗ,Стройматериалы,Усть-Каменогорск,Ноутбук,49.9485,82.6113,Shipping on time,Same Day
2024-06-05,195069.0,27364.0,4,2,1,Северный КЗ,Одежда,Костанай,Арматура 12м,53.2144,63.6246,Shipping on time,Same Day
2024-04-01,50960.0,12239.0,3,3,0,Северный КЗ,Хозтовары,Астана,Обувь защитная,51.169392,71.449074,Shipping on time,Standard
2024-01-15,106472.0,12154.0,3,3,0,Центральный КЗ,Инструменты,Караганда,Принтер,49.8047,73.0856,Shipping on time,Express
2024-05-24,107521.0,15552.0,3,3,0,Южный КЗ,Хозтовары,Шымкент,Дрель электрическая,42.341686,69.590101,Shipping on time,Standard
2024-06-29,26697.0,5589.0,3,3,0,Западный КЗ,Хозтовары,Уральск,Обувь защитная,51.2278,51.3865,Shipping on time,Express
2024-08-15,103808.0,17799.0,2,3,0,Западный КЗ,Хозтовары,Актобе,Рабочая одежда,50.2839,57.167,Advance shipping,Standard
2024-04-04,202909.0,10617.0,3,3,0,Восточный КЗ,Электроника,Усть-Каменогорск,Арматура 12м,49.9485,82.6113,Shipping on time,Express
2024-03-16,142779.0,28532.0,6,5,1,Южный КЗ,Стройматериалы,Тараз,Цемент (мешок 50кг),42.8983,71.366,Shipping on time,Standard
2024-08-20,89072.0,13676.0,2,3,0,Западный КЗ,Стройматериалы,Актобе,Цемент (мешок 50кг),50.2839,57.167,Advance shipping,Standard
2024-04-15,114288.0,24014.0,2,2,0,Западный КЗ,Электроника,Актобе,Кабель электрический,50.2839,57.167,Shipping on time,Same Day
2024-07-22,64422.0,15284.0,3,3,0,Южный КЗ,Стройматериалы,Алматы,Мука (мешок 50кг),43.238949,76.945465,Shipping on time,Express
2024-01-22,110008.0,17548.0,3,4,0,Западный КЗ,Электроника,Актобе,Обувь защитная,50.2839,57.167,Shipping on time,Express
2024-08-30,61530.0,11079.0,3,3,0,Южный КЗ,Стройматериалы,Тараз,Сахар,42.8983,71.366,Shipping on time,Express
2024-10-26,125815.0,22866.0,2,2,0,Восточный КЗ,Продукты,Семей,Рабочая одежда,50.4111,80.2275,Late delivery,Express
2024-04-02,132794.0,11939.0,7,5,1,Южный КЗ,Продукты,Шымкент,Смартфон,42.341686,69.590101,Advance shipping,Express
2024-01-04,23389.0,5128.0,4,2,1,Восточный КЗ,Одежда,Семей,Перчатки х/б,50.4111,80.2275,Shipping on time,Express
2024-03-06,98599.0,19232.0,4,4,0,Восточный КЗ,Хозтовары,Усть-Каменогорск,Болгарка,49.9485,82.6113,Late delivery,Same Day
2024-08-24,101836.0,12407.0,5,3,1,Западный КЗ,Продукты,Актобе,Принтер,50.2839,57.167,Shipping on time,Express
2024-01-02,264631.0,46710.0,3,3,0,Южный КЗ,Инструменты,Алматы,Плитка керамическая,43.238949,76.945465,Shipping on time,Same Day
2024-03-24,198674.0,27628.0,3,3,0,Центральный КЗ,Стройматериалы,Караганда,Принтер,49.8047,73.0856,Advance shipping,Express
2024-10-13,238871.0,40547.0,3,4,0,Северный КЗ,Хозтовары,Костанай,Арматура 12м,53.2144,63.6246,Late delivery,Same Day
2024-10-02,111980.0,8863.0,2,2,0,Южный КЗ,Одежда,Шымкент,Рабочая одежда,42.341686,69.590101,Shipping on time,Same Day
2024-06-04,45851.0,10034.0,3,3,0,Южный КЗ,Хозтовары,Алматы,Средство для мытья,43.238949,76.945465,Shipping on time,Same Day
2024-04-28,68514.0,4134.0,5,5,0,Северный КЗ,Стройматериалы,Костанай,Болгарка,53.2144,63.6246,Shipping on time,Same Day
2024-08-03,137908.0,17856.0,2,2,0,Центральный КЗ,Электроника,Караганда,Смартфон,49.8047,73.0856,Shipping on time,Same Day
2024-10-20,71863.0,11092.0,5,5,0,Северный КЗ,Хозтовары,Астана,Болгарка,51.169392,71.449074,Shipping on time,Same Day
2024-01-05,9871.0,865.0,4,4,0,Западный КЗ,Одежда,Актобе,Каска,50.2839,57.167,Late delivery,Same Day
2024-03-16,55160.0,12344.0,3,3,0,Южный КЗ,Стройматериалы,Алматы,Средство для мытья,43.238949,76.945465,Advance shipping,Same Day
2024-03-30,156623.0,28724.0,4,3,1,Западный КЗ,Стройматериалы,Актобе,Цемент (мешок 50кг),50.2839,57.167,Shipping on time,Express
2024-03-13,160634.0,39944.0,3,3,0,Северный КЗ,Одежда,Астана,Болгарка,51.169392,71.449074,Shipping on time,Standard
2024-03-22,36257.0,6654.0,4,4,0,Южный КЗ,Инструменты,Тараз,Средство для мытья,42.8983,71.366,Advance shipping,Standard
2024-05-22,42265.0,7600.0,4,4,0,Восточный КЗ,Одежда,Семей,Электроды сварочные,50.4111,80.2275,Shipping on time,Standard
2024-10-17,98077.0,16604.0,3,3,0,Западный КЗ,Стройматериалы,Атырау,Кабель электрический,47.1167,51.9167,Late delivery,Express
2024-10-08,318177.0,47755.0,2,2,0,Северный КЗ,Одежда,Костанай,Плитка керамическая,53.2144,63.6246,Shipping on time,Express
2024-01-21,17105.0,2486.0,2,2,0,Центральный КЗ,Продукты,Караганда,Перчатки х/б,49.8047,73.0856,Shipping on time,Same Day
2024-10-03,12304.0,2896.0,4,3,1,Восточный КЗ,Хозтовары,Семей,Каска,50.4111,80.2275,Shipping on time,Standard
2024-10-17,67760.0,7552.0,3,3,0,Северный КЗ,Хозтовары,Астана,Рабочая одежда,51.169392,71.449074,Shipping on time,Express
2024-03-14,112909.0,9736.0,2,2,0,Северный КЗ,Хозтовары,Астана,Арматура 12м,51.169392,71.449074,Shipping on time,Same Day
2024-06-20,116589.0,17105.0,3,3,0,Восточный КЗ,Инструменты,Семей,Дрель электрическая,50.4111,80.2275,Late delivery,Standard
2024-09-27,54442.0,5206.0,4,3,1,Северный КЗ,Стройматериалы,Костанай,Упаковочная лента,53.2144,63.6246,Late delivery,Express
2024-05-31,36581.0,7540.0,4,4,0,Южный КЗ,Электроника,Тараз,Сахар,42.8983,71.366,Shipping on time,Same Day
2024-03-09,106744.0,14982.0,2,3,0,Восточный КЗ,Электроника,Усть-Каменогорск,Кабель электрический,49.9485,82.6113,Advance shipping,Same Day
2024-06-08,11541.0,632.0,4,4,0,Южный КЗ,Продукты,Шымкент,Перчатки х/б,42.341686,69.590101,Late delivery,Same Day
2024-05-25,51304.0,5382.0,2,3,0,Южный КЗ,Одежда,Тараз,Рабочая одежда,42.8983,71.366,Late delivery,Same Day
2024-08-05,74225.0,15865.0,2,3,0,Северный КЗ,Хозтовары,Павлодар,Кабель электрический,52.274,76.9483,Late delivery,Express
2024-03-10,54921.0,4854.0,0,1,0,Восточный КЗ,Стройматериалы,Семей,Упаковочная лента,50.4111,80.2275,Shipping on time,Standard
2024-03-07,252845.0,26354.0,2,3,0,Южный КЗ,Электроника,Алматы,Арматура 12м,43.238949,76.945465,Shipping on time,Express
2024-10-12,188682.0,23130.0,1,2,0,Западный КЗ,Продукты,Атырау,Плитка керамическая,47.1167,51.9167,Shipping on time,Express
2024-06-06,293613.0,24692.0,5,5,0,Западный КЗ,Электроника,Атырау,Ноутбук,47.1167,51.9167,Shipping on time,Standard
2024-04-24,32815.0,3181.0,3,3,0,Южный КЗ,Хозтовары,Алматы,Каска,43.238949,76.945465,Shipping on time,Express
2024-08-18,154018.0,10563.0,3,3,0,Западный КЗ,Инструменты,Актобе,Мука (мешок 50кг),50.2839,57.167,Shipping on time,Standard
2024-03-06,74412.0,7104.0,1,2,0,Восточный КЗ,Одежда,Усть-Каменогорск,Принтер,49.9485,82.6113,Shipping on time,Standard
2024-09-18,51572.0,12299.0,4,3,1,Северный КЗ,Электроника,Астана,Растительное масло,51.169392,71.449074,Shipping on time,Same Day
2024-10-17,98619.0,15577.0,2,2,0,Северный КЗ,Одежда,Павлодар,Смартфон,52.274,76.9483,Late delivery,Express
2024-05-09,87513.0,11429.0,3,3,0,Северный КЗ,Электроника,Павлодар,Плитка керамическая,52.274,76.9483,Late delivery,Same Day
2024-04-04,54216.0,12058.0,4,3,1,Западный КЗ,Хозтовары,Актобе,Болгарка,50.2839,57.167,Advance shipping,Express
2024-01-25,80846.0,6409.0,2,2,0,Северный КЗ,Одежда,Павлодар,Рабочая одежда,52.274,76.9483,Shipping on time,Same Day
2024-06-08,19537.0,2955.0,5,5,0,Восточный КЗ,Электроника,Усть-Каменогорск,Перчатки х/б,49.9485,82.6113,Shipping on time,Standard
2024-09-23,34384.0,3175.0,2,2,0,Северный КЗ,Инструменты,Астана,Электроды сварочные,51.169392,71.449074,Shipping on time,Express
2024-09-19,38514.0,2861.0,5,5,0,Западный КЗ,Инструменты,Уральск,Обувь защитная,51.2278,51.3865,Shipping on time,Standard
2024-05-03,60392.0,5118.0,2,2,0,Западный КЗ,Хозтовары,Актобе,Кабель электрический,50.2839,57.167,Late delivery,Express
2024-05-12,341363.0,67154.0,2,2,0,Центральный КЗ,Инструменты,Караганда,Плитка керамическая,49.8047,73.0856,Late delivery,Express
2024-01-13,77623.0,12192.0,2,2,0,Северный КЗ,Стройматериалы,Костанай,Принтер,53.2144,63.6246,Late delivery,Standard
2024-07-06,58060.0,8568.0,6,5,1,Северный КЗ,Продукты,Астана,Упаковочная лента,51.169392,71.449074,Shipping on time,Same Day
2024-02-11,269893.0,57254.0,4,4,0,Западный КЗ,Одежда,Актобе,Ноутбук,50.2839,57.167,Late delivery,Standard
2024-04-06,114569.0,24263.0,2,2,0,Южный КЗ,Одежда,Алматы,Растительное масло,43.238949,76.945465,Late delivery,Express
2024-03-19,152310.0,34883.0,3,3,0,Западный КЗ,Стройматериалы,Атырау,Мука (мешок 50кг),47.1167,51.9167,Shipping on time,Standard
2024-07-18,36587.0,6807.0,2,2,0,Восточный КЗ,Одежда,Семей,Упаковочная лента,50.4111,80.2275,Shipping on time,Standard
2024-08-15,13707.0,2080.0,4,4,0,Южный КЗ,Электроника,Алматы,Упаковочная лента,43.238949,76.945465,Shipping on time,Same Day
2024-01-08,82395.0,13177.0,3,3,0,Южный КЗ,Инструменты,Шымкент,Кабель электрический,42.341686,69.590101,Shipping on time,Express
2024-10-18,113472.0,10342.0,3,3,0,Южный КЗ,Стройматериалы,Алматы,Мука (мешок 50кг),43.238949,76.945465,Shipping on time,Express
2024-05-19,110102.0,12600.0,5,5,0,Южный КЗ,Хозтовары,Тараз,Растительное масло,42.8983,71.366,Late delivery,Same Day
2024-01-10,50965.0,9240.0,3,3,0,Северный КЗ,Продукты,Павлодар,Упаковочная лента,52.274,76.9483,Advance shipping,Same Day
2024-04-23,97651.0,13464.0,2,2,0,Западный КЗ,Стройматериалы,Уральск,Болгарка,51.2278,51.3865,Shipping on time,Express
2024-04-28,31895.0,3419.0,3,2,1,Западный КЗ,Инструменты,Актобе,Перчатки х/б,50.2839,57.167,Advance shipping,Same Day
2024-08-25,46001.0,11302.0,3,3,0,Восточный КЗ,Инструменты,Усть-Каменогорск,Растительное масло,49.9485,82.6113,Shipping on time,Same Day
2024-10-09,62317.0,4461.0,2,2,0,Северный КЗ,Одежда,Костанай,Средство для мытья,53.2144,63.6246,Shipping on time,Express
2024-01-19,29843.0,4526.0,3,3,0,Восточный КЗ,Инструменты,Семей,Перчатки х/б,50.4111,80.2275,Shipping on time,Same Day
2024-09-17,13923.0,1981.0,3,3,0,Восточный КЗ,Стройматериалы,Семей,Перчатки х/б,50.4111,80.2275,Advance shipping,Same Day
2024-08-18,152058.0,17059.0,3,2,1,Западный КЗ,Одежда,Актобе,Мука (мешок 50кг),50.2839,57.167,Shipping on time,Same Day
2024-02-23,74795.0,16426.0,2,2,0,Северный КЗ,Электроника,Астана,Растительное масло,51.169392,71.449074,Advance shipping,Standard
2024-05-11,45571.0,6854.0,4,3,1,Северный КЗ,Электроника,Астана,Средство для мытья,51.169392,71.449074,Shipping on time,Same Day
2024-07-20,47407.0,6283.0,4,4,0,Западный КЗ,Одежда,Актобе,Сахар,50.2839,57.167,Shipping on time,Express
2024-07-04,35087.0,6262.0,1,1,0,Восточный КЗ,Одежда,Усть-Каменогорск,Упаковочная лента,49.9485,82.6113,Shipping on time,Same Day
2024-07-29,86192.0,9862.0,3,3,0,Западный КЗ,Инструменты,Актобе,Арматура 12м,50.2839,57.167,Shipping on time,Express
2024-07-01,140849.0,17563.0,3,2,1,Восточный КЗ,Инструменты,Усть-Каменогорск,Принтер,49.9485,82.6113,Advance shipping,Standard
2024-06-09,119848.0,28359.0,3,3,0,Северный КЗ,Одежда,Астана,Дрель электрическая,51.169392,71.449074,Shipping on time,Standard
2024-03-30,34734.0,6927.0,2,2,0,Западный КЗ,Стройматериалы,Актобе,Каска,50.2839,57.167,Advance shipping,Standard
2024-07-16,21693.0,4693.0,1,2,0,Западный КЗ,Одежда,Актобе,Сахар,50.2839,57.167,Shipping on time,Standard
2024-02-18,85455.0,18662.0,2,2,0,Южный КЗ,Одежда,Шымкент,Электроды сварочные,42.341686,69.590101,Late delivery,Standard
2024-10-06,287426.0,42910.0,1,2,0,Центральный КЗ,Стройматериалы,Караганда,Ноутбук,49.8047,73.0856,Shipping on time,Standard
2024-02-05,37859.0,7582.0,2,2,0,Северный КЗ,Стройматериалы,Павлодар,Растительное масло,52.274,76.9483,Shipping on time,Standard
2024-04-15,63698.0,6649.0,3,2,1,Западный КЗ,Инструменты,Атырау,Кабель электрический,47.1167,51.9167,Shipping on time,Standard
2024-01-21,9721.0,1691.0,3,2,1,Северный КЗ,Продукты,Павлодар,Перчатки х/б,52.274,76.9483,Advance shipping,Express
2024-06-02,119232.0,19037.0,1,1,0,Северный КЗ,Одежда,Костанай,Кабель электрический,53.2144,63.6246,Advance shipping,Express
2024-06-09,62723.0,7380.0,2,2,0,Центральный КЗ,Продукты,Караганда,Болгарка,49.8047,73.0856,Shipping on time,Express
2024-01-28,58157.0,14313.0,1,1,0,Западный КЗ,Одежда,Актобе,Сахар,50.2839,57.167,Shipping on time,Express
2024-01-05,44398.0,6289.0,3,3,0,Южный КЗ,Стройматериалы,Тараз,Кабель электрический,42.8983,71.366,Advance shipping,Express
2024-02-28,65568.0,10431.0,3,3,0,Северный КЗ,Инструменты,Астана,Сахар,51.169392,71.449074,Shipping on time,Express
2024-08-01,43153.0,5008.0,2,2,0,Южный КЗ,Инструменты,Шымкент,Дрель электрическая,42.341686,69.590101,Shipping on time,Same Day
2024-09-04,148274.0,30308.0,2,2,0,Северный КЗ,Электроника,Павлодар,Рабочая одежда,52.274,76.9483,Shipping on time,Express
2024-06-26,11903.0,2159.0,3,3,0,Западный КЗ,Стройматериалы,Уральск,Перчатки х/б,51.2278,51.3865,Shipping on time,Same Day
2024-06-12,27053.0,3282.0,2,2,0,Центральный КЗ,Стройматериалы,Караганда,Электроды сварочные,49.8047,73.0856,Shipping on time,Standard
2024-09-24,75638.0,6171.0,3,2,1,Западный КЗ,Хозтовары,Уральск,Растительное масло,51.2278,51.3865,Shipping on time,Express
2024-06-24,121726.0,6899.0,2,2,0,Южный КЗ,Одежда,Шымкент,Болгарка,42.341686,69.590101,Shipping on time,Same Day
2024-03-03,74411.0,14729.0,6,5,1,Западный КЗ,Стройматериалы,Актобе,Принтер,50.2839,57.167,Shipping on time,Standard
2024-01-25,59030.0,10698.0,4,2,1,Центральный КЗ,Продукты,Караганда,Упаковочная лента,49.8047,73.0856,Advance shipping,Same Day
2024-05-13,342833.0,40238.0,2,2,0,Западный КЗ,Стройматериалы,Актобе,Арматура 12м,50.2839,57.167,Shipping on time,Same Day
2024-05-10,35414.0,3572.0,4,4,0,Восточный КЗ,Инструменты,Усть-Каменогорск,Средство для мытья,49.9485,82.6113,Late delivery,Express
2024-03-15,91972.0,12883.0,2,2,0,Центральный КЗ,Электроника,Караганда,Цемент (мешок 50кг),49.8047,73.0856,Advance shipping,Standard
2024-03-06,31463.0,2368.0,5,3,1,Центральный КЗ,Электроника,Караганда,Перчатки х/б,49.8047,73.0856,Shipping on time,Same Day
2024-01-04,193112.0,20442.0,4,4,0,Восточный КЗ,Продукты,Семей,Принтер,50.4111,80.2275,Advance shipping,Express
2024-02-08,53875.0,9732.0,1,2,0,Северный КЗ,Инструменты,Павлодар,Обувь защитная,52.274,76.9483,Shipping on time,Standard
2024-03-31,53963.0,2700.0,4,4,0,Восточный КЗ,Продукты,Усть-Каменогорск,Упаковочная лента,49.9485,82.6113,Shipping on time,Express
2024-10-07,172330.0,25128.0,2,2,0,Центральный КЗ,Стройматериалы,Караганда,Мука (мешок 50кг),49.8047,73.0856,Late delivery,Express
2024-06-21,29781.0,5654.0,5,3,1,Северный КЗ,Хозтовары,Павлодар,Каска,52.274,76.9483,Advance shipping,Same Day
2024-10-12,72776.0,11509.0,4,4,0,Северный КЗ,Стройматериалы,Костанай,Электроды сварочные,53.2144,63.6246,Advance shipping,Standard
2024-03-08,69491.0,13804.0,3,3,0,Западный КЗ,Хозтовары,Уральск,Рабочая одежда,51.2278,51.3865,Advance shipping,Express
2024-09-24,75475.0,16426.0,5,5,0,Северный КЗ,Инструменты,Павлодар,Растительное масло,52.274,76.9483,Shipping on time,Same Day
2024-02-04,110931.0,21910.0,2,2,0,Северный КЗ,Стройматериалы,Астана,Смартфон,51.169392,71.449074,Late delivery,Standard
2024-02-16,56098.0,13022.0,1,1,0,Западный КЗ,Инструменты,Уральск,Цемент (мешок 50кг),51.2278,51.3865,Advance shipping,Same Day
2024-01-28,170432.0,30323.0,4,4,0,Южный КЗ,Хозтовары,Шымкент,Мука (мешок 50кг),42.341686,69.590101,Shipping on time,Express
2024-09-18,35513.0,5371.0,5,5,0,Южный КЗ,Инструменты,Шымкент,Перчатки х/б,42.341686,69.590101,Advance shipping,Express
2024-04-02,111479.0,10899.0,1,1,0,Северный КЗ,Электроника,Астана,Дрель электрическая,51.169392,71.449074,Advance shipping,Standard
2024-02-18,126400.0,21257.0,3,3,0,Южный КЗ,Одежда,Шымкент,Мука (мешок 50кг),42.341686,69.590101,Advance shipping,Express
2024-04-15,45085.0,6209.0,4,4,0,Западный КЗ,Инструменты,Уральск,Средство для мытья,51.2278,51.3865,Advance shipping,Same Day
2024-02-08,116766.0,26386.0,3,2,1,Южный КЗ,Стройматериалы,Тараз,Смартфон,42.8983,71.366,Shipping on time,Standard
2024-03-12,40647.0,5462.0,2,2,0,Южный КЗ,Хозтовары,Шымкент,Средство для мытья,42.341686,69.590101,Shipping on time,Standard
2024-06-22,33621.0,6532.0,2,2,0,Восточный КЗ,Стройматериалы,Усть-Каменогорск,Каска,49.9485,82.6113,Shipping on time,Same Day
2024-03-22,38533.0,4885.0,3,3,0,Восточный КЗ,Хозтовары,Семей,Дрель электрическая,50.4111,80.2275,Shipping on time,Standard
2024-10-11,71225.0,8615.0,2,3,0,Восточный КЗ,Электроника,Усть-Каменогорск,Мука (мешок 50кг),49.9485,82.6113,Late delivery,Standard
2024-02-08,67707.0,15753.0,2,3,0,Северный КЗ,Стройматериалы,Астана,Электроды сварочные,51.169392,71.449074,Shipping on time,Same Day
2024-09-24,347641.0,74396.0,4,3,1,Северный КЗ,Стройматериалы,Павлодар,Арматура 12м,52.274,76.9483,Shipping on time,Same Day
2024-10-05,50785.0,4734.0,3,2,1,Южный КЗ,Стройматериалы,Алматы,Упаковочная лента,43.238949,76.945465,Shipping on time,Standard
2024-01-30,32900.0,3661.0,3,3,0,Центральный КЗ,Электроника,Караганда,Средство для мытья,49.8047,73.0856,Shipping on time,Express
2024-04-27,19798.0,3295.0,4,4,0,Южный КЗ,Электроника,Шымкент,Перчатки х/б,42.341686,69.590101,Late delivery,Standard
2024-06-05,147857.0,35386.0,2,3,0,Западный КЗ,Продукты,Уральск,Смартфон,51.2278,51.3865,Shipping on time,Express
2024-03-04,199274.0,22367.0,1,2,0,Северный КЗ,Инструменты,Астана,Плитка керамическая,51.169392,71.449074,Late delivery,Standard
2024-03-07,14192.0,3469.0,3,3,0,Западный КЗ,Инструменты,Актобе,Перчатки х/б,50.2839,57.167,Shipping on time,Same Day
2024-05-04,53403.0,2920.0,1,1,0,Западный КЗ,Продукты,Актобе,Рабочая одежда,50.2839,57.167,Shipping on time,Same Day
2024-07-14,95598.0,13843.0,4,4,0,Западный КЗ,Инструменты,Атырау,Смартфон,47.1167,51.9167,Shipping on time,Express
2024-03-08,41946.0,2357.0,1,1,0,Южный КЗ,Инструменты,Тараз,Дрель электрическая,42.8983,71.366,Shipping on time,Standard
2024-02-11,50715.0,11041.0,3,3,0,Южный КЗ,Продукты,Тараз,Дрель электрическая,42.8983,71.366,Shipping on time,Express
2024-04-01,49623.0,10725.0,3,3,0,Южный КЗ,Хозтовары,Шымкент,Дрель электрическая,42.341686,69.590101,Shipping on time,Same Day
2024-04-13,31285.0,7783.0,3,3,0,Южный КЗ,Хозтовары,Шымкент,Упаковочная лента,42.341686,69.590101,Advance shipping,Express
2024-05-26,22959.0,3332.0,2,2,0,Западный КЗ,Хозтовары,Уральск,Электроды сварочные,51.2278,51.3865,Shipping on time,Same Day
2024-01-05,314892.0,23973.0,3,3,0,Центральный КЗ,Продукты,Караганда,Арматура 12м,49.8047,73.0856,Shipping on time,Standard
2024-08-23,144148.0,21994.0,3,1,1,Южный КЗ,Хозтовары,Тараз,Рабочая одежда,42.8983,71.366,Late delivery,Express
2024-08-29,127802.0,21873.0,3,3,0,Западный КЗ,Стройматериалы,Актобе,Принтер,50.2839,57.167,Shipping on time,Standard
2024-06-11,104243.0,17542.0,3,3,0,Центральный КЗ,Одежда,Караганда,Рабочая одежда,49.8047,73.0856,Advance shipping,Same Day
2024-01-13,54868.0,3429.0,4,3,1,Западный КЗ,Инструменты,Уральск,Упаковочная лента,51.2278,51.3865,Shipping on time,Same Day
2024-10-24,5916.0,1328.0,4,3,1,Восточный КЗ,Электроника,Семей,Каска,50.4111,80.2275,Shipping on time,Express
2024-01-19,222716.0,46476.0,2,2,0,Восточный КЗ,Продукты,Усть-Каменогорск,Арматура 12м,49.9485,82.6113,Late delivery,Express
2024-02-06,163302.0,35409.0,1,2,0,Южный КЗ,Стройматериалы,Алматы,Мука (мешок 50кг),43.238949,76.945465,Shipping on time,Standard
2024-10-16,83292.0,5641.0,4,3,1,Восточный КЗ,Стройматериалы,Усть-Каменогорск,Растительное масло,49.9485,82.6113,Shipping on time,Express
2024-02-14,67535.0,16177.0,2,2,0,Северный КЗ,Электроника,Павлодар,Средство для мытья,52.274,76.9483,Shipping on time,Standard
2024-07-06,137603.0,28746.0,1,2,0,Северный КЗ,Инструменты,Костанай,Принтер,53.2144,63.6246,Late delivery,Express
2024-04-29,53443.0,6962.0,3,3,0,Западный КЗ,Инструменты,Атырау,Упаковочная лента,47.1167,51.9167,Shipping on time,Express
2024-02-22,108655.0,26707.0,3,3,0,Северный КЗ,Одежда,Павлодар,Кабель электрический,52.274,76.9483,Advance shipping,Same Day
2024-02-21,69763.0,14949.0,4,3,1,Южный КЗ,Инструменты,Тараз,Дрель электрическая,42.8983,71.366,Late delivery,Express
2024-02-28,98538.0,15178.0,5,4,1,Восточный КЗ,Одежда,Усть-Каменогорск,Рабочая одежда,49.9485,82.6113,Late delivery,Same Day
2024-03-19,117998.0,12308.0,5,4,1,Восточный КЗ,Стройматериалы,Усть-Каменогорск,Рабочая одежда,49.9485,82.6113,Advance shipping,Standard
2024-06-05,44090.0,9606.0,2,2,0,Западный КЗ,Стройматериалы,Атырау,Болгарка,47.1167,51.9167,Advance shipping,Same Day
2024-05-20,35368.0,7349.0,3,2,1,Южный КЗ,Продукты,Алматы,Средство для мытья,43.238949,76.945465,Advance shipping,Same Day
2024-08-04,8481.0,496.0,4,4,0,Северный КЗ,Одежда,Павлодар,Каска,52.274,76.9483,Late delivery,Same Day
2024-04-03,64467.0,15482.0,5,3,1,Восточный КЗ,Стройматериалы,Семей,Средство для мытья,50.4111,80.2275,Shipping on time,Standard
2024-02-10,27861.0,4171.0,5,3,1,Западный КЗ,Хозтовары,Актобе,Электроды сварочные,50.2839,57.167,Late delivery,Same Day
2024-01-31,14883.0,2387.0,2,1,1,Южный КЗ,Хозтовары,Шымкент,Перчатки х/б,42.341686,69.590101,Advance shipping,Express
2024-08-24,90597.0,16811.0,4,3,1,Южный КЗ,Одежда,Тараз,Принтер,42.8983,71.366,Advance shipping,Express
2024-01-28,104188.0,18646.0,3,3,0,Западный КЗ,Одежда,Уральск,Мука (мешок 50кг),51.2278,51.3865,Advance shipping,Express
2024-02-22,22248.0,3408.0,1,2,0,Западный КЗ,Хозтовары,Актобе,Средство для мытья,50.2839,57.167,Shipping on time,Express
2024-04-20,75521.0,10024.0,1,2,0,Центральный КЗ,Стройматериалы,Караганда,Принтер,49.8047,73.0856,Advance shipping,Express
2024-09-28,40847.0,8270.0,3,4,0,Восточный КЗ,Хозтовары,Усть-Каменогорск,Средство для мытья,49.9485,82.6113,Advance shipping,Same Day
2024-05-13,36496.0,7716.0,1,2,0,Западный КЗ,Электроника,Уральск,Перчатки х/б,51.2278,51.3865,Shipping on time,Same Day
2024-05-14,131651.0,21608.0,3,3,0,Южный КЗ,Продукты,Тараз,Цемент (мешок 50кг),42.8983,71.366,Shipping on time,Same Day
2024-05-11,33924.0,3101.0,4,4,0,Южный КЗ,Продукты,Тараз,Средство для мытья,42.8983,71.366,Shipping on time,Same Day
2024-03-30,96123.0,17718.0,3,3,0,Южный КЗ,Хозтовары,Тараз,Арматура 12м,42.8983,71.366,Shipping on time,Standard
2024-07-17,147655.0,13436.0,3,3,0,Западный КЗ,Электроника,Уральск,Болгарка,51.2278,51.3865,Advance shipping,Express
2024-02-18,88716.0,13791.0,2,2,0,Западный КЗ,Хозтовары,Атырау,Сахар,47.1167,51.9167,Shipping on time,Same Day
2024-09-04,90559.0,21383.0,1,1,0,Северный КЗ,Хозтовары,Павлодар,Обувь защитная,52.274,76.9483,Advance shipping,Express
2024-10-20,137600.0,25583.0,3,3,0,Северный КЗ,Одежда,Астана,Принтер,51.169392,71.449074,Late delivery,Express
2024-08-22,54061.0,7520.0,2,3,0,Западный КЗ,Хозтовары,Атырау,Рабочая одежда,47.1167,51.9167,Advance shipping,Standard
2024-09-08,43637.0,3132.0,3,3,0,Северный КЗ,Хозтовары,Костанай,Упаковочная лента,53.2144,63.6246,Late delivery,Same Day
2024-06-02,29962.0,1936.0,2,2,0,Южный КЗ,Инструменты,Тараз,Перчатки х/б,42.8983,71.366,Shipping on time,Express
2024-09-03,72373.0,9339.0,3,3,0,Восточный КЗ,Электроника,Усть-Каменогорск,Электроды сварочные,49.9485,82.6113,Late delivery,Standard
2024-04-02,273318.0,22560.0,2,2,0,Западный КЗ,Электроника,Уральск,Ноутбук,51.2278,51.3865,Shipping on time,Express
2024-08-03,170036.0,16278.0,1,1,0,Южный КЗ,Продукты,Тараз,Смартфон,42.8983,71.366,Shipping on time,Express
2024-05-20,148532.0,14729.0,4,3,1,Западный КЗ,Одежда,Уральск,Арматура 12м,51.2278,51.3865,Late delivery,Standard
2024-04-02,115710.0,17233.0,4,2,1,Западный КЗ,Стройматериалы,Актобе,Растительное масло,50.2839,57.167,Advance shipping,Same Day
2024-04-25,153686.0,26804.0,1,1,0,Южный КЗ,Одежда,Шымкент,Плитка керамическая,42.341686,69.590101,Shipping on time,Standard
2024-09-22,62781.0,14669.0,3,3,0,Центральный КЗ,Хозтовары,Караганда,Болгарка,49.8047,73.0856,Shipping on time,Same Day
2024-08-08,39077.0,7265.0,4,2,1,Южный КЗ,Стройматериалы,Тараз,Растительное масло,42.8983,71.366,Shipping on time,Standard
2024-02-09,82974.0,6535.0,3,3,0,Западный КЗ,Электроника,Уральск,Электроды сварочные,51.2278,51.3865,Shipping on time,Standard
2024-04-21,34312.0,3468.0,4,4,0,Западный КЗ,Продукты,Актобе,Сахар,50.2839,57.167,Shipping on time,Same Day
2024-02-09,225801.0,15583.0,3,2,1,Южный КЗ,Продукты,Тараз,Ноутбук,42.8983,71.366,Shipping on time,Same Day
2024-06-29,302693.0,46352.0,3,3,0,Западный КЗ,Стройматериалы,Актобе,Арматура 12м,50.2839,57.167,Shipping on time,Same Day
2024-06-16,74638.0,4547.0,1,1,0,Центральный КЗ,Электроника,Караганда,Растительное масло,49.8047,73.0856,Shipping on time,Same Day
2024-08-26,124980.0,14000.0,3,4,0,Западный КЗ,Продукты,Актобе,Плитка керамическая,50.2839,57.167,Shipping on time,Standard
2024-02-16,71658.0,7473.0,5,4,1,Восточный КЗ,Стройматериалы,Семей,Болгарка,50.4111,80.2275,Shipping on time,Express
2024-10-13,22719.0,4139.0,3,3,0,Восточный КЗ,Продукты,Семей,Каска,50.4111,80.2275,Late delivery,Express
2024-09-29,337100.0,19715.0,3,3,0,Северный КЗ,Стройматериалы,Костанай,Арматура 12м,53.2144,63.6246,Advance shipping,Same Day
2024-03-28,113700.0,14082.0,2,2,0,Северный КЗ,Стройматериалы,Костанай,Смартфон,53.2144,63.6246,Shipping on time,Express
2024-09-07,159814.0,19005.0,2,2,0,Северный КЗ,Электроника,Павлодар,Цемент (мешок 50кг),52.274,76.9483,Shipping on time,Standard
2024-03-16,19552.0,1442.0,2,2,0,Южный КЗ,Стройматериалы,Тараз,Упаковочная лента,42.8983,71.366,Shipping on time,Same Day
2024-02-12,113401.0,14453.0,2,2,0,Восточный КЗ,Хозтовары,Семей,Цемент (мешок 50кг),50.4111,80.2275,Late delivery,Same Day
2024-06-16,99283.0,14914.0,3,4,0,Южный КЗ,Инструменты,Алматы,Рабочая одежда,43.238949,76.945465,Shipping on time,Same Day
2024-05-26,69200.0,14532.0,4,3,1,Южный КЗ,Продукты,Алматы,Смартфон,43.238949,76.945465,Shipping on time,Same Day
2024-04-23,307774.0,46259.0,3,3,0,Западный КЗ,Инструменты,Атырау,Ноутбук,47.1167,51.9167,Shipping on time,Same Day
2024-10-09,62103.0,3351.0,2,2,0,Южный КЗ,Одежда,Шымкент,Болгарка,42.341686,69.590101,Advance shipping,Standard
2024-01-19,75923.0,5070.0,3,3,0,Центральный КЗ,Стройматериалы,Караганда,Рабочая одежда,49.8047,73.0856,Shipping on time,Express
2024-08-02,345153.0,71437.0,2,2,0,Северный КЗ,Инструменты,Костанай,Арматура 12м,53.2144,63.6246,Shipping on time,Same Day
2024-01-17,36665.0,5134.0,5,4,1,Западный КЗ,Электроника,Уральск,Болгарка,51.2278,51.3865,Late delivery,Express
2024-03-11,65159.0,7774.0,3,3,0,Центральный КЗ,Хозтовары,Караганда,Растительное масло,49.8047,73.0856,Shipping on time,Same Day
2024-06-02,157615.0,28584.0,3,3,0,Западный КЗ,Инструменты,Атырау,Арматура 12м,47.1167,51.9167,Shipping on time,Same Day
2024-10-16,84247.0,15139.0,1,1,0,Северный КЗ,Инструменты,Павлодар,Растительное масло,52.274,76.9483,Shipping on time,Express
2024-04-09,88845.0,14811.0,3,3,0,Северный КЗ,Продукты,Павлодар,Обувь защитная,52.274,76.9483,Shipping on time,Same Day
2024-02-17,155611.0,37183.0,4,4,0,Северный КЗ,Инструменты,Астана,Ноутбук,51.169392,71.449074,Shipping on time,Standard
2024-01-07,213875.0,11352.0,3,3,0,Западный КЗ,Хозтовары,Уральск,Ноутбук,51.2278,51.3865,Advance shipping,Standard
2024-06-24,82985.0,7278.0,5,5,0,Западный КЗ,Инструменты,Актобе,Электроды сварочные,50.2839,57.167,Advance shipping,Express
2024-09-27,164058.0,10969.0,3,3,0,Западный КЗ,Стройматериалы,Атырау,Болгарка,47.1167,51.9167,Shipping on time,Standard
2024-06-16,67827.0,6674.0,3,3,0,Южный КЗ,Хозтовары,Тараз,Электроды сварочные,42.8983,71.366,Advance shipping,Same Day
2024-10-25,48596.0,4514.0,2,3,0,Центральный КЗ,Одежда,Караганда,Обувь защитная,49.8047,73.0856,Shipping on time,Express
2024-02-07,262233.0,32632.0,2,2,0,Северный КЗ,Электроника,Астана,Плитка керамическая,51.169392,71.449074,Shipping on time,Same Day
2024-08-25,36653.0,3690.0,3,3,0,Западный КЗ,Продукты,Актобе,Упаковочная лента,50.2839,57.167,Late delivery,Same Day
2024-06-30,56693.0,12645.0,2,2,0,Южный КЗ,Стройматериалы,Алматы,Растительное масло,43.238949,76.945465,Advance shipping,Standard
2024-04-23,270474.0,36655.0,3,3,0,Северный КЗ,Хозтовары,Астана,Арматура 12м,51.169392,71.449074,Shipping on time,Same Day
2024-08-01,99368.0,5404.0,4,4,0,Восточный КЗ,Хозтовары,Усть-Каменогорск,Болгарка,49.9485,82.6113,Shipping on time,Same Day
2024-04-11,283981.0,14852.0,2,2,0,Северный КЗ,Стройматериалы,Костанай,Ноутбук,53.2144,63.6246,Shipping on time,Express
2024-03-23,109116.0,23223.0,2,2,0,Центральный КЗ,Хозтовары,Караганда,Дрель электрическая,49.8047,73.0856,Shipping on time,Same Day
2024-03-01,114526.0,17993.0,2,2,0,Центральный КЗ,Одежда,Караганда,Цемент (мешок 50кг),49.8047,73.0856,Late delivery,Same Day
2024-06-25,57735.0,6660.0,3,2,1,Западный КЗ,Электроника,Актобе,Упаковочная лента,50.2839,57.167,Late delivery,Express
2024-02-08,16782.0,2696.0,4,4,0,Восточный КЗ,Продукты,Семей,Каска,50.4111,80.2275,Advance shipping,Express
2024-08-01,160933.0,32134.0,4,3,1,Северный КЗ,Стройматериалы,Павлодар,Смартфон,52.274,76.9483,Shipping on time,Standard
2024-05-13,35490.0,4824.0,3,3,0,Центральный КЗ,Одежда,Караганда,Упаковочная лента,49.8047,73.0856,Advance shipping,Express
2024-06-10,22897.0,4051.0,4,3,1,Южный КЗ,Продукты,Алматы,Средство для мытья,43.238949,76.945465,Late delivery,Standard
2024-05-31,40417.0,3914.0,1,2,0,Восточный КЗ,Инструменты,Усть-Каменогорск,Средство для мытья,49.9485,82.6113,Shipping on time,Same Day
2024-05-20,89503.0,11848.0,4,3,1,Южный КЗ,Электроника,Тараз,Обувь защитная,42.8983,71.366,Advance shipping,Express
2024-01-17,19871.0,4702.0,4,4,0,Северный КЗ,Электроника,Астана,Каска,51.169392,71.449074,Shipping on time,Same Day
2024-01-17,115533.0,23719.0,3,3,0,Центральный КЗ,Инструменты,Караганда,Дрель электрическая,49.8047,73.0856,Advance shipping,Same Day
2024-06-04,294135.0,29606.0,3,3,0,Северный КЗ,Стройматериалы,Костанай,Плитка керамическая,53.2144,63.6246,Advance shipping,Standard
2024-05-26,13565.0,2120.0,2,2,0,Южный КЗ,Одежда,Тараз,Каска,42.8983,71.366,Advance shipping,Express
2024-08-11,67230.0,15487.0,1,1,0,Южный КЗ,Электроника,Шымкент,Средство для мытья,42.341686,69.590101,Shipping on time,Express
2024-02-14,150765.0,9773.0,4,5,0,Южный КЗ,Электроника,Тараз,Мука (мешок 50кг),42.8983,71.366,Shipping on time,Express
2024-03-02,44536.0,5545.0,2,2,0,Северный КЗ,Продукты,Костанай,Сахар,53.2144,63.6246,Shipping on time,Same Day
2024-09-12,15544.0,1454.0,3,3,0,Западный КЗ,Инструменты,Актобе,Средство для мытья,50.2839,57.167,Advance shipping,Standard
2024-10-21,97945.0,19913.0,3,3,0,Восточный КЗ,Электроника,Усть-Каменогорск,Арматура 12м,49.9485,82.6113,Shipping on time,Express
2024-08-07,312366.0,26231.0,3,3,0,Южный КЗ,Стройматериалы,Алматы,Плитка керамическая,43.238949,76.945465,Shipping on time,Express
2024-09-01,67851.0,13900.0,2,2,0,Западный КЗ,Электроника,Атырау,Дрель электрическая,47.1167,51.9167,Late delivery,Express
2024-02-09,47035.0,7888.0,3,3,0,Восточный КЗ,Стройматериалы,Усть-Каменогорск,Сахар,49.9485,82.6113,Shipping on time,Standard
2024-10-05,28643.0,4781.0,3,3,0,Северный КЗ,Электроника,Астана,Перчатки х/б,51.169392,71.449074,Advance shipping,Express
2024-04-19,46379.0,7223.0,3,3,0,Северный КЗ,Хозтовары,Павлодар,Обувь защитная,52.274,76.9483,Shipping on time,Standard
2024-07-22,128718.0,26465.0,2,2,0,Западный КЗ,Инструменты,Актобе,Кабель электрический,50.2839,57.167,Shipping on time,Standard
2024-04-29,101058.0,23010.0,3,3,0,Западный КЗ,Одежда,Уральск,Цемент (мешок 50кг),51.2278,51.3865,Late delivery,Express
2024-09-14,138611.0,34546.0,4,4,0,Северный КЗ,Инструменты,Павлодар,Рабочая одежда,52.274,76.9483,Advance shipping,Same Day
2024-06-11,108895.0,21739.0,3,1,1,Северный КЗ,Одежда,Павлодар,Принтер,52.274,76.9483,Shipping on time,Same Day
2024-10-17,326471.0,53292.0,1,1,0,Южный КЗ,Хозтовары,Алматы,Плитка керамическая,43.238949,76.945465,Late delivery,Express
2024-05-04,262491.0,42702.0,2,1,1,Южный КЗ,Одежда,Алматы,Ноутбук,43.238949,76.945465,Shipping on time,Express
2024-06-01,221728.0,42456.0,5,5,0,Южный КЗ,Продукты,Тараз,Ноутбук,42.8983,71.366,Shipping on time,Same Day
2024-04-22,104813.0,15599.0,3,3,0,Северный КЗ,Инструменты,Астана,Смартфон,51.169392,71.449074,Shipping on time,Express
2024-03-15,112600.0,20888.0,1,1,0,Северный КЗ,Электроника,Павлодар,Рабочая одежда,52.274,76.9483,Shipping on time,Standard
2024-03-04,31631.0,5091.0,5,3,1,Центральный КЗ,Стройматериалы,Караганда,Растительное масло,49.8047,73.0856,Shipping on time,Same Day
2024-05-21,80074.0,11257.0,1,2,0,Южный КЗ,Инструменты,Алматы,Обувь защитная,43.238949,76.945465,Shipping on time,Express
2024-08-09,18607.0,2623.0,1,1,0,Северный КЗ,Хозтовары,Астана,Каска,51.169392,71.449074,Shipping on time,Express
2024-03-15,25297.0,5926.0,2,2,0,Восточный КЗ,Электроника,Усть-Каменогорск,Упаковочная лента,49.9485,82.6113,Shipping on time,Same Day
2024-08-22,146284.0,14520.0,3,2,1,Западный КЗ,Инструменты,Уральск,Мука (мешок 50кг),51.2278,51.3865,Shipping on time,Same Day
2024-06-27,101007.0,22920.0,3,3,0,Северный КЗ,Стройматериалы,Костанай,Обувь защитная,53.2144,63.6246,Late delivery,Standard
2024-10-02,114373.0,23467.0,3,3,0,Южный КЗ,Инструменты,Алматы,Обувь защитная,43.238949,76.945465,Shipping on time,Same Day
2024-04-07,42705.0,2862.0,5,4,1,Восточный КЗ,Продукты,Семей,Перчатки х/б,50.4111,80.2275,Shipping on time,Express
2024-03-24,334444.0,21727.0,2,3,0,Западный КЗ,Одежда,Атырау,Арматура 12м,47.1167,51.9167,Shipping on time,Same Day
2024-02-25,81780.0,7479.0,1,2,0,Южный КЗ,Одежда,Тараз,Мука (мешок 50кг),42.8983,71.366,Shipping on time,Express
2024-06-14,168417.0,35672.0,2,3,0,Южный КЗ,Электроника,Алматы,Ноутбук,43.238949,76.945465,Late delivery,Same Day
2024-04-21,23915.0,3973.0,4,3,1,Восточный КЗ,Инструменты,Семей,Средство для мытья,50.4111,80.2275,Advance shipping,Express
2024-03-29,49303.0,6986.0,3,4,0,Южный КЗ,Одежда,Алматы,Сахар,43.238949,76.945465,Shipping on time,Express
2024-02-01,66295.0,4990.0,3,3,0,Восточный КЗ,Одежда,Усть-Каменогорск,Мука (мешок 50кг),49.9485,82.6113,Shipping on time,Standard
2024-09-05,116139.0,21765.0,3,3,0,Западный КЗ,Хозтовары,Атырау,Болгарка,47.1167,51.9167,Late delivery,Same Day
2024-08-16,49490.0,4419.0,3,3,0,Восточный КЗ,Стройматериалы,Семей,Кабель электрический,50.4111,80.2275,Shipping on time,Express
2024-07-09,98556.0,12264.0,3,3,0,Южный КЗ,Продукты,Тараз,Рабочая одежда,42.8983,71.366,Shipping on time,Express
2024-07-18,340742.0,36508.0,2,2,0,Центральный КЗ,Одежда,Караганда,Плитка керамическая,49.8047,73.0856,Advance shipping,Same Day
2024-10-13,137808.0,16192.0,3,2,1,Северный КЗ,Продукты,Павлодар,Рабочая одежда,52.274,76.9483,Shipping on time,Standard
2024-01-13,74586.0,12515.0,2,2,0,Западный КЗ,Хозтовары,Актобе,Растительное масло,50.2839,57.167,Late delivery,Standard
2024-09-29,41988.0,5948.0,3,3,0,Северный КЗ,Одежда,Астана,Дрель электрическая,51.169392,71.449074,Late delivery,Express
2024-08-16,56377.0,11679.0,4,4,0,Северный КЗ,Одежда,Костанай,Упаковочная лента,53.2144,63.6246,Shipping on time,Standard
2024-04-05,20388.0,3890.0,3,3,0,Южный КЗ,Одежда,Тараз,Каска,42.8983,71.366,Shipping on time,Express
2024-04-25,14182.0,2543.0,3,3,0,Северный КЗ,Продукты,Астана,Упаковочная лента,51.169392,71.449074,Advance shipping,Same Day
2024-05-16,63843.0,6748.0,3,3,0,Западный КЗ,Стройматериалы,Актобе,Сахар,50.2839,57.167,Advance shipping,Express
2024-03-12,174242.0,24940.0,3,3,0,Восточный КЗ,Одежда,Усть-Каменогорск,Плитка керамическая,49.9485,82.6113,Shipping on time,Same Day
2024-08-08,63800.0,4791.0,4,4,0,Южный КЗ,Стройматериалы,Алматы,Средство для мытья,43.238949,76.945465,Shipping on time,Standard
2024-08-14,178655.0,24337.0,2,2,0,Западный КЗ,Стройматериалы,Уральск,Принтер,51.2278,51.3865,Shipping on time,Same Day
2024-09-29,31818.0,5645.0,2,2,0,Западный КЗ,Продукты,Уральск,Дрель электрическая,51.2278,51.3865,Shipping on time,Express
2024-08-05,153939.0,23286.0,2,2,0,Западный КЗ,Инструменты,Уральск,Принтер,51.2278,51.3865,Shipping on time,Standard
2024-03-23,45900.0,8011.0,1,1,0,Западный КЗ,Инструменты,Актобе,Упаковочная лента,50.2839,57.167,Shipping on time,Express
2024-07-26,65021.0,7717.0,1,1,0,Южный КЗ,Стройматериалы,Шымкент,Рабочая одежда,42.341686,69.590101,Shipping on time,Express
2024-08-24,34275.0,3585.0,2,2,0,Северный КЗ,Инструменты,Павлодар,Перчатки х/б,52.274,76.9483,Late delivery,Standard
2024-07-13,39113.0,3342.0,4,4,0,Южный КЗ,Одежда,Шымкент,Сахар,42.341686,69.590101,Shipping on time,Express
2024-05-19,48699.0,9420.0,4,3,1,Южный КЗ,Электроника,Алматы,Обувь защитная,43.238949,76.945465,Shipping on time,Same Day
2024-05-28,10718.0,932.0,3,3,0,Восточный КЗ,Электроника,Семей,Каска,50.4111,80.2275,Shipping on time,Standard
2024-01-25,173236.0,13412.0,2,2,0,Южный КЗ,Инструменты,Алматы,Цемент (мешок 50кг),43.238949,76.945465,Advance shipping,Standard
2024-01-18,74418.0,3947.0,1,2,0,Западный КЗ,Продукты,Атырау,Смартфон,47.1167,51.9167,Shipping on time,Standard
2024-07-18,115933.0,13374.0,4,3,1,Южный КЗ,Стройматериалы,Шымкент,Мука (мешок 50кг),42.341686,69.590101,Shipping on time,Same Day
2024-03-13,16424.0,2743.0,1,1,0,Центральный КЗ,Одежда,Караганда,Упаковочная лента,49.8047,73.0856,Late delivery,Same Day
2024-07-23,134521.0,9504.0,1,1,0,Южный КЗ,Электроника,Алматы,Мука (мешок 50кг),43.238949,76.945465,Shipping on time,Same Day
2024-03-16,47807.0,3770.0,1,1,0,Северный КЗ,Хозтовары,Павлодар,Растительное масло,52.274,76.9483,Shipping on time,Standard
2024-06-14,166195.0,33079.0,2,2,0,Южный КЗ,Инструменты,Алматы,Цемент (мешок 50кг),43.238949,76.945465,Shipping on time,Same Day
2024-09-18,39823.0,8638.0,1,1,0,Западный КЗ,Инструменты,Уральск,Обувь защитная,51.2278,51.3865,Shipping on time,Same Day
2024-02-27,56763.0,4185.0,3,3,0,Северный КЗ,Инструменты,Павлодар,Упаковочная лента,52.274,76.9483,Advance shipping,Standard
2024-09-29,40316.0,7309.0,3,3,0,Северный КЗ,Электроника,Астана,Обувь защитная,51.169392,71.449074,Shipping on time,Standard
2024-04-09,42724.0,7791.0,2,2,0,Восточный КЗ,Стройматериалы,Семей,Перчатки х/б,50.4111,80.2275,Late delivery,Same Day
2024-10-14,185896.0,45071.0,2,2,0,Восточный КЗ,Продукты,Усть-Каменогорск,Мука (мешок 50кг),49.9485,82.6113,Late delivery,Standard
2024-10-10,21690.0,1211.0,2,2,0,Центральный КЗ,Инструменты,Караганда,Каска,49.8047,73.0856,Late delivery,Standard
2024-04-12,194137.0,18266.0,3,3,0,Южный КЗ,Хозтовары,Шымкент,Мука (мешок 50кг),42.341686,69.590101,Shipping on time,Express
2024-02-29,20939.0,3884.0,3,3,0,Южный КЗ,Одежда,Тараз,Каска,42.8983,71.366,Shipping on time,Express
2024-01-06,77015.0,5508.0,2,1,1,Восточный КЗ,Одежда,Семей,Смартфон,50.4111,80.2275,Late delivery,Express
2024-04-15,55895.0,3234.0,2,2,0,Западный КЗ,Продукты,Уральск,Растительное масло,51.2278,51.3865,Shipping on time,Same Day
2024-10-17,168504.0,37313.0,2,2,0,Южный КЗ,Инструменты,Алматы,Ноутбук,43.238949,76.945465,Advance shipping,Express
2024-03-27,28406.0,7088.0,3,3,0,Западный КЗ,Хозтовары,Актобе,Каска,50.2839,57.167,Advance shipping,Express
2024-02-16,34044.0,7742.0,2,2,0,Северный КЗ,Одежда,Астана,Дрель электрическая,51.169392,71.449074,Advance shipping,Same Day
2024-04-03,284466.0,65311.0,2,2,0,Восточный КЗ,Стройматериалы,Усть-Каменогорск,Арматура 12м,49.9485,82.6113,Advance shipping,Same Day
2024-08-01,43833.0,4252.0,2,2,0,Южный КЗ,Одежда,Тараз,Рабочая одежда,42.8983,71.366,Advance shipping,Standard
2024-01-18,15907.0,2132.0,2,1,1,Северный КЗ,Продукты,Астана,Перчатки х/б,51.169392,71.449074,Shipping on time,Same Day
2024-07-06,14193.0,824.0,1,1,0,Северный КЗ,Хозтовары,Костанай,Каска,53.2144,63.6246,Shipping on time,Standard
2024-03-03,232839.0,46635.0,1,1,0,Восточный КЗ,Инструменты,Семей,Арматура 12м,50.4111,80.2275,Shipping on time,Standard
2024-04-27,113597.0,7846.0,3,2,1,Южный КЗ,Хозтовары,Алматы,Дрель электрическая,43.238949,76.945465,Shipping on time,Standard
2024-07-13,31119.0,6280.0,2,2,0,Центральный КЗ,Одежда,Караганда,Каска,49.8047,73.0856,Shipping on time,Same Day
2024-05-27,42229.0,9804.0,2,2,0,Западный КЗ,Одежда,Актобе,Электроды сварочные,50.2839,57.167,Shipping on time,Standard
2024-05-20,22545.0,2649.0,3,2,1,Северный КЗ,Электроника,Астана,Каска,51.169392,71.449074,Shipping on time,Same Day
2024-05-27,64074.0,6286.0,2,2,0,Западный КЗ,Стройматериалы,Актобе,Обувь защитная,50.2839,57.167,Shipping on time,Standard
2024-10-26,112597.0,7477.0,1,1,0,Северный КЗ,Хозтовары,Астана,Болгарка,51.169392,71.449074,Shipping on time,Express
2024-07-07,117842.0,24601.0,4,2,1,Западный КЗ,Продукты,Атырау,Растительное масло,47.1167,51.9167,Shipping on time,Same Day
2024-09-01,247068.0,45231.0,3,3,0,Центральный КЗ,Инструменты,Караганда,Арматура 12м,49.8047,73.0856,Shipping on time,Same Day
2024-04-04,126431.0,19561.0,1,2,0,Западный КЗ,Хозтовары,Уральск,Цемент (мешок 50кг),51.2278,51.3865,Advance shipping,Standard
2024-04-17,151848.0,25889.0,3,3,0,Северный КЗ,Хозтовары,Костанай,Цемент (мешок 50кг),53.2144,63.6246,Late delivery,Same Day
2024-06-30,78911.0,6341.0,3,1,1,Северный КЗ,Продукты,Костанай,Мука (мешок 50кг),53.2144,63.6246,Advance shipping,Express
2024-02-11,131571.0,31394.0,1,2,0,Северный КЗ,Стройматериалы,Астана,Принтер,51.169392,71.449074,Shipping on time,Same Day
2024-06-08,26041.0,1893.0,2,2,0,Северный КЗ,Электроника,Павлодар,Каска,52.274,76.9483,Advance shipping,Express
2024-06-24,8506.0,564.0,2,2,0,Северный КЗ,Электроника,Астана,Перчатки х/б,51.169392,71.449074,Shipping on time,Same Day
2024-03-18,111501.0,19700.0,3,3,0,Северный КЗ,Стройматериалы,Астана,Цемент (мешок 50кг),51.169392,71.449074,Shipping on time,Express
2024-05-25,112538.0,7189.0,3,3,0,Восточный КЗ,Инструменты,Усть-Каменогорск,Смартфон,49.9485,82.6113,Late delivery,Express
2024-08-04,44684.0,8730.0,3,2,1,Западный КЗ,Одежда,Атырау,Перчатки х/б,47.1167,51.9167,Shipping on time,Standard
2024-05-28,144668.0,9596.0,3,3,0,Западный КЗ,Одежда,Актобе,Болгарка,50.2839,57.167,Shipping on time,Same Day
2024-06-17,18061.0,3841.0,4,4,0,Южный КЗ,Стройматериалы,Алматы,Упаковочная лента,43.238949,76.945465,Shipping on time,Express
2024-09-01,143407.0,29537.0,2,2,0,Северный КЗ,Продукты,Астана,Смартфон,51.169392,71.449074,Shipping on time,Same Day
2024-10-17,81146.0,18573.0,1,2,0,Южный КЗ,Хозтовары,Алматы,Электроды сварочные,43.238949,76.945465,Advance shipping,Standard
2024-04-05,144881.0,9996.0,3,3,0,Северный КЗ,Хозтовары,Павлодар,Арматура 12м,52.274,76.9483,Shipping on time,Same Day
2024-07-12,29374.0,3389.0,5,5,0,Северный КЗ,Стройматериалы,Павлодар,Каска,52.274,76.9483,Shipping on time,Standard
2024-07-22,148535.0,11239.0,2,2,0,Северный КЗ,Продукты,Павлодар,Мука (мешок 50кг),52.274,76.9483,Shipping on time,Standard
2024-07-06,118979.0,20683.0,4,4,0,Южный КЗ,Одежда,Тараз,Кабель электрический,42.8983,71.366,Shipping on time,Standard
2024-08-27,43643.0,3278.0,4,3,1,Западный КЗ,Электроника,Актобе,Обувь защитная,50.2839,57.167,Late delivery,Same Day
2024-09-24,57374.0,12421.0,2,2,0,Восточный КЗ,Продукты,Семей,Средство для мытья,50.4111,80.2275,Shipping on time,Same Day
2024-08-17,54869.0,10308.0,3,4,0,Западный КЗ,Инструменты,Атырау,Сахар,47.1167,51.9167,Late delivery,Standard
2024-06-02,63318.0,14483.0,5,5,0,Восточный КЗ,Продукты,Усть-Каменогорск,Цемент (мешок 50кг),49.9485,82.6113,Shipping on time,Express
2024-04-27,43683.0,2681.0,3,4,0,Северный КЗ,Стройматериалы,Костанай,Электроды сварочные,53.2144,63.6246,Advance shipping,Express
2024-08-02,224462.0,29731.0,2,2,0,Западный КЗ,Инструменты,Актобе,Ноутбук,50.2839,57.167,Late delivery,Standard
2024-09-26,19032.0,2243.0,5,5,0,Восточный КЗ,Хозтовары,Усть-Каменогорск,Средство для мытья,49.9485,82.6113,Shipping on time,Express
2024-08-04,114576.0,25726.0,2,2,0,Восточный КЗ,Инструменты,Усть-Каменогорск,Дрель электрическая,49.9485,82.6113,Late delivery,Same Day
2024-01-07,62710.0,8847.0,3,3,0,Северный КЗ,Стройматериалы,Костанай,Обувь защитная,53.2144,63.6246,Advance shipping,Express
2024-06-09,83366.0,13868.0,2,2,0,Северный КЗ,Инструменты,Астана,Дрель электрическая,51.169392,71.449074,Shipping on time,Standard
2024-06-26,268514.0,24967.0,1,1,0,Центральный КЗ,Инструменты,Караганда,Арматура 12м,49.8047,73.0856,Shipping on time,Standard
2024-02-01,135639.0,8933.0,3,2,1,Южный КЗ,Продукты,Шымкент,Мука (мешок 50кг),42.341686,69.590101,Advance shipping,Express
2024-02-08,16146.0,2791.0,4,3,1,Северный КЗ,Инструменты,Астана,Каска,51.169392,71.449074,Shipping on time,Standard
2024-09-13,38387.0,4276.0,4,3,1,Северный КЗ,Одежда,Павлодар,Средство для мытья,52.274,76.9483,Late delivery,Same Day
2024-04-04,50481.0,7264.0,2,2,0,Западный КЗ,Электроника,Атырау,Упаковочная лента,47.1167,51.9167,Shipping on time,Express
2024-09-02,86537.0,4709.0,4,3,1,Южный КЗ,Стройматериалы,Тараз,Сахар,42.8983,71.366,Shipping on time,Standard
2024-09-30,127401.0,6984.0,3,3,0,Восточный КЗ,Хозтовары,Семей,Цемент (мешок 50кг),50.4111,80.2275,Shipping on time,Same Day
2024-03-08,38909.0,3478.0,4,3,1,Северный КЗ,Продукты,Астана,Перчатки х/б,51.169392,71.449074,Late delivery,Same Day
2024-01-25,48072.0,11397.0,2,3,0,Западный КЗ,Электроника,Актобе,Дрель электрическая,50.2839,57.167,Advance shipping,Same Day
2024-09-21,17454.0,923.0,4,4,0,Центральный КЗ,Стройматериалы,Караганда,Каска,49.8047,73.0856,Shipping on time,Express
2024-09-27,115659.0,11029.0,3,3,0,Северный КЗ,Электроника,Павлодар,Смартфон,52.274,76.9483,Shipping on time,Same Day
2024-04-20,48195.0,8174.0,2,2,0,Северный КЗ,Хозтовары,Костанай,Обувь защитная,53.2144,63.6246,Shipping on time,Express
2024-02-14,109411.0,16536.0,3,2,1,Южный КЗ,Одежда,Шымкент,Плитка керамическая,42.341686,69.590101,Shipping on time,Same Day
2024-08-13,8406.0,1963.0,2,2,0,Южный КЗ,Инструменты,Шымкент,Каска,42.341686,69.590101,Advance shipping,Standard
2024-01-12,39160.0,4281.0,2,1,1,Центральный КЗ,Стройматериалы,Караганда,Перчатки х/б,49.8047,73.0856,Advance shipping,Standard
2024-01-25,76186.0,18887.0,3,3,0,Восточный КЗ,Одежда,Усть-Каменогорск,Рабочая одежда,49.9485,82.6113,Shipping on time,Express
2024-06-08,54535.0,3331.0,2,2,0,Северный КЗ,Продукты,Костанай,Рабочая одежда,53.2144,63.6246,Advance shipping,Same Day
2024-10-06,50593.0,12322.0,3,1,1,Западный КЗ,Инструменты,Уральск,Цемент (мешок 50кг),51.2278,51.3865,Shipping on time,Same Day
2024-04-23,114305.0,16576.0,3,3,0,Центральный КЗ,Хозтовары,Караганда,Болгарка,49.8047,73.0856,Advance shipping,Same Day
2024-08-03,59674.0,14460.0,4,4,0,Восточный КЗ,Одежда,Семей,Средство для мытья,50.4111,80.2275,Advance shipping,Standard
2024-07-05,66945.0,7822.0,5,5,0,Южный КЗ,Хозтовары,Шымкент,Средство для мытья,42.341686,69.590101,Shipping on time,Standard
2024-05-05,88009.0,12491.0,6,5,1,Восточный КЗ,Инструменты,Усть-Каменогорск,Дрель электрическая,49.9485,82.6113,Shipping on time,Same Day
2024-03-25,34822.0,1818.0,3,3,0,Северный КЗ,Инструменты,Павлодар,Каска,52.274,76.9483,Shipping on time,Express
2024-03-17,88576.0,12999.0,2,2,0,Южный КЗ,Инструменты,Тараз,Растительное масло,42.8983,71.366,Late delivery,Same Day
2024-03-28,77580.0,12728.0,2,2,0,Восточный КЗ,Электроника,Семей,Обувь защитная,50.4111,80.2275,Shipping on time,Same Day
2024-10-13,65034.0,12291.0,3,3,0,Западный КЗ,Одежда,Атырау,Кабель электрический,47.1167,51.9167,Late delivery,Standard
2024-01-28,14519.0,3374.0,2,2,0,Западный КЗ,Хозтовары,Уральск,Каска,51.2278,51.3865,Late delivery,Standard
2024-05-21,70174.0,4790.0,4,3,1,Южный КЗ,Продукты,Тараз,Болгарка,42.8983,71.366,Shipping on time,Express
2024-02-04,302901.0,37054.0,0,1,0,Восточный КЗ,Одежда,Семей,Плитка керамическая,50.4111,80.2275,Advance shipping,Express
2024-07-29,40228.0,4554.0,3,3,0,Западный КЗ,Одежда,Актобе,Упаковочная лента,50.2839,57.167,Shipping on time,Standard
2024-02-03,69458.0,14457.0,2,2,0,Южный КЗ,Электроника,Тараз,Цемент (мешок 50кг),42.8983,71.366,Shipping on time,Standard
2024-08-31,69485.0,5862.0,2,3,0,Северный КЗ,Инструменты,Павлодар,Принтер,52.274,76.9483,Shipping on time,Express
2024-07-27,107031.0,11962.0,3,3,0,Западный КЗ,Электроника,Уральск,Растительное масло,51.2278,51.3865,Shipping on time,Same Day
2024-09-16,134509.0,24994.0,3,3,0,Южный КЗ,Одежда,Тараз,Смартфон,42.8983,71.366,Shipping on time,Express
2024-09-23,46953.0,10775.0,3,4,0,Западный КЗ,Одежда,Атырау,Растительное масло,47.1167,51.9167,Shipping on time,Same Day
2024-07-17,29115.0,6765.0,2,2,0,Западный КЗ,Стройматериалы,Атырау,Упаковочная лента,47.1167,51.9167,Shipping on time,Express
2024-07-15,142473.0,15768.0,5,5,0,Восточный КЗ,Продукты,Семей,Кабель электрический,50.4111,80.2275,Advance shipping,Same Day
2024-04-15,43713.0,5929.0,1,1,0,Северный КЗ,Хозтовары,Астана,Перчатки х/б,51.169392,71.449074,Shipping on time,Same Day
2024-05-23,313373.0,30223.0,3,3,0,Западный КЗ,Продукты,Атырау,Плитка керамическая,47.1167,51.9167,Shipping on time,Standard
2024-05-23,14764.0,3562.0,5,4,1,Южный КЗ,Инструменты,Тараз,Перчатки х/б,42.8983,71.366,Shipping on time,Same Day
2024-01-07,161946.0,17894.0,3,2,1,Западный КЗ,Одежда,Уральск,Болгарка,51.2278,51.3865,Late delivery,Same Day
2024-06-22,337356.0,62920.0,2,2,0,Северный КЗ,Стройматериалы,Астана,Ноутбук,51.169392,71.449074,Late delivery,Same Day
2024-02-23,81388.0,11320.0,1,1,0,Южный КЗ,Одежда,Шымкент,Арматура 12м,42.341686,69.590101,Shipping on time,Same Day
2024-06-05,84388.0,6442.0,4,4,0,Западный КЗ,Стройматериалы,Уральск,Электроды сварочные,51.2278,51.3865,Shipping on time,Same Day
2024-06-20,303938.0,44100.0,1,2,0,Южный КЗ,Инструменты,Шымкент,Плитка керамическая,42.341686,69.590101,Advance shipping,Same Day
2024-07-27,41117.0,6808.0,3,3,0,Северный КЗ,Продукты,Костанай,Средство для мытья,53.2144,63.6246,Shipping on time,Same Day
2024-01-24,88746.0,16809.0,3,2,1,Южный КЗ,Стройматериалы,Шымкент,Обувь защитная,42.341686,69.590101,Late delivery,Same Day
2024-07-08,75227.0,16738.0,1,2,0,Северный КЗ,Продукты,Астана,Рабочая одежда,51.169392,71.449074,Shipping on time,Same Day
2024-09-25,117599.0,6132.0,3,3,0,Южный КЗ,Стройматериалы,Тараз,Арматура 12м,42.8983,71.366,Late delivery,Standard
2024-02-07,85676.0,19361.0,2,2,0,Восточный КЗ,Одежда,Усть-Каменогорск,Рабочая одежда,49.9485,82.6113,Shipping on time,Express
2024-09-01,240749.0,32027.0,1,1,0,Северный КЗ,Одежда,Павлодар,Арматура 12м,52.274,76.9483,Shipping on time,Express
2024-05-11,9121.0,961.0,4,4,0,Центральный КЗ,Электроника,Караганда,Каска,49.8047,73.0856,Late delivery,Standard
2024-06-13,112704.0,13412.0,5,5,0,Северный КЗ,Стройматериалы,Павлодар,Дрель электрическая,52.274,76.9483,Shipping on time,Standard
2024-09-07,307847.0,61095.0,2,1,1,Западный КЗ,Одежда,Атырау,Арматура 12м,47.1167,51.9167,Advance shipping,Express
2024-10-09,48701.0,7426.0,4,4,0,Северный КЗ,Электроника,Астана,Кабель электрический,51.169392,71.449074,Shipping on time,Same Day
2024-02-25,89603.0,8651.0,1,2,0,Южный КЗ,Электроника,Алматы,Сахар,43.238949,76.945465,Shipping on time,Standard
2024-03-19,134545.0,28660.0,3,3,0,Западный КЗ,Стройматериалы,Уральск,Болгарка,51.2278,51.3865,Shipping on time,Express
2024-07-11,210473.0,52067.0,5,3,1,Западный КЗ,Инструменты,Атырау,Арматура 12м,47.1167,51.9167,Advance shipping,Express
2024-10-24,85109.0,4374.0,1,1,0,Западный КЗ,Хозтовары,Актобе,Болгарка,50.2839,57.167,Shipping on time,Same Day
2024-07-03,77608.0,12225.0,7,5,1,Северный КЗ,Продукты,Павлодар,Принтер,52.274,76.9483,Shipping on time,Same Day
2024-04-21,36460.0,2602.0,4,4,0,Южный КЗ,Инструменты,Шымкент,Средство для мытья,42.341686,69.590101,Late delivery,Express
2024-02-26,184222.0,13724.0,2,2,0,Южный КЗ,Продукты,Алматы,Принтер,43.238949,76.945465,Shipping on time,Express
2024-10-03,55511.0,13383.0,4,4,0,Северный КЗ,Продукты,Астана,Цемент (мешок 50кг),51.169392,71.449074,Shipping on time,Standard
2024-07-05,177099.0,26652.0,2,2,0,Северный КЗ,Стройматериалы,Костанай,Мука (мешок 50кг),53.2144,63.6246,Shipping on time,Same Day
2024-01-02,144539.0,29039.0,4,3,1,Центральный КЗ,Продукты,Караганда,Кабель электрический,49.8047,73.0856,Late delivery,Express
2024-02-27,100513.0,18361.0,4,4,0,Южный КЗ,Одежда,Алматы,Смартфон,43.238949,76.945465,Shipping on time,Express
2024-01-27,100208.0,24163.0,2,3,0,Северный КЗ,Хозтовары,Астана,Принтер,51.169392,71.449074,Advance shipping,Express
2024-04-06,45886.0,6917.0,4,4,0,Западный КЗ,Электроника,Актобе,Упаковочная лента,50.2839,57.167,Shipping on time,Same Day
2024-02-01,109647.0,26054.0,3,3,0,Западный КЗ,Продукты,Атырау,Плитка керамическая,47.1167,51.9167,Late delivery,Same Day
2024-03-11,112212.0,26399.0,4,4,0,Северный КЗ,Электроника,Костанай,Кабель электрический,53.2144,63.6246,Late delivery,Express
2024-02-25,88514.0,14417.0,5,3,1,Западный КЗ,Хозтовары,Актобе,Дрель электрическая,50.2839,57.167,Shipping on time,Standard
2024-07-17,71471.0,8980.0,2,2,0,Восточный КЗ,Электроника,Усть-Каменогорск,Дрель электрическая,49.9485,82.6113,Advance shipping,Standard
2024-04-29,93653.0,6314.0,4,4,0,Восточный КЗ,Стройматериалы,Семей,Цемент (мешок 50кг),50.4111,80.2275,Advance shipping,Standard
2024-09-29,78149.0,16604.0,4,4,0,Западный КЗ,Хозтовары,Уральск,Смартфон,51.2278,51.3865,Late delivery,Standard
2024-09-30,33354.0,2208.0,2,2,0,Западный КЗ,Стройматериалы,Уральск,Средство для мытья,51.2278,51.3865,Shipping on time,Express
2024-02-16,48472.0,5708.0,2,2,0,Центральный КЗ,Электроника,Караганда,Упаковочная лента,49.8047,73.0856,Shipping on time,Same Day
2024-01-26,22895.0,4551.0,2,2,0,Южный КЗ,Хозтовары,Тараз,Упаковочная лента,42.8983,71.366,Late delivery,Standard
2024-10-01,91241.0,10979.0,5,5,0,Западный КЗ,Электроника,Атырау,Рабочая одежда,47.1167,51.9167,Shipping on time,Standard
2024-07-18,24047.0,5283.0,4,4,0,Южный КЗ,Продукты,Алматы,Перчатки х/б,43.238949,76.945465,Shipping on time,Standard
2024-05-13,135957.0,19044.0,1,1,0,Западный КЗ,Одежда,Уральск,Цемент (мешок 50кг),51.2278,51.3865,Advance shipping,Same Day
2024-03-08,90499.0,8435.0,2,2,0,Северный КЗ,Хозтовары,Костанай,Рабочая одежда,53.2144,63.6246,Late delivery,Standard
2024-03-18,322448.0,49983.0,3,3,0,Северный КЗ,Одежда,Костанай,Арматура 12м,53.2144,63.6246,Late delivery,Express
2024-09-10,34319.0,3379.0,0,1,0,Восточный КЗ,Стройматериалы,Усть-Каменогорск,Каска,49.9485,82.6113,Shipping on time,Express
2024-06-10,123521.0,30273.0,3,3,0,Западный КЗ,Продукты,Актобе,Рабочая одежда,50.2839,57.167,Shipping on time,Standard
2024-09-18,121610.0,15655.0,3,2,1,Западный КЗ,Продукты,Актобе,Болгарка,50.2839,57.167,Shipping on time,Same Day
2024-03-09,69545.0,9463.0,4,3,1,Северный КЗ,Электроника,Костанай,Смартфон,53.2144,63.6246,Shipping on time,Same Day
2024-09-23,45116.0,2630.0,3,3,0,Центральный КЗ,Одежда,Караганда,Растительное масло,49.8047,73.0856,Late delivery,Express
2024-02-03,296705.0,26280.0,2,2,0,Западный КЗ,Инструменты,Уральск,Плитка керамическая,51.2278,51.3865,Late delivery,Standard
2024-04-15,76987.0,12540.0,2,2,0,Западный КЗ,Хозтовары,Атырау,Дрель электрическая,47.1167,51.9167,Advance shipping,Standard
2024-09-23,145521.0,24497.0,4,3,1,Западный КЗ,Одежда,Актобе,Болгарка,50.2839,57.167,Advance shipping,Same Day
2024-07-30,37955.0,7424.0,3,3,0,Восточный КЗ,Одежда,Усть-Каменогорск,Растительное масло,49.9485,82.6113,Late delivery,Standard
2024-06-15,127588.0,9871.0,4,4,0,Восточный КЗ,Инструменты,Усть-Каменогорск,Рабочая одежда,49.9485,82.6113,Advance shipping,Same Day
2024-05-24,107140.0,23618.0,5,4,1,Южный КЗ,Инструменты,Алматы,Принтер,43.238949,76.945465,Late delivery,Same Day
2024-02-08,58851.0,10172.0,3,1,1,Северный КЗ,Инструменты,Павлодар,Электроды сварочные,52.274,76.9483,Shipping on time,Standard
2024-10-08,26682.0,5436.0,2,2,0,Северный КЗ,Электроника,Астана,Перчатки х/б,51.169392,71.449074,Shipping on time,Standard
2024-07-31,183378.0,35541.0,3,3,0,Восточный КЗ,Стройматериалы,Семей,Арматура 12м,50.4111,80.2275,Late delivery,Express
2024-09-10,122978.0,20191.0,1,1,0,Южный КЗ,Инструменты,Алматы,Смартфон,43.238949,76.945465,Shipping on time,Standard
2024-01-13,80799.0,13164.0,5,3,1,Центральный КЗ,Стройматериалы,Караганда,Сахар,49.8047,73.0856,Shipping on time,Standard
2024-05-19,35110.0,3618.0,3,3,0,Западный КЗ,Стройматериалы,Атырау,Электроды сварочные,47.1167,51.9167,Shipping on time,Express
2024-10-11,83044.0,5213.0,2,2,0,Южный КЗ,Продукты,Тараз,Мука (мешок 50кг),42.8983,71.366,Late delivery,Same Day
2024-09-14,27715.0,6156.0,4,4,0,Западный КЗ,Хозтовары,Уральск,Перчатки х/б,51.2278,51.3865,Shipping on time,Same Day
2024-01-05,36355.0,4773.0,2,2,0,Восточный КЗ,Одежда,Семей,Перчатки х/б,50.4111,80.2275,Late delivery,Same Day
2024-09-11,52559.0,7635.0,2,2,0,Западный КЗ,Хозтовары,Актобе,Упаковочная лента,50.2839,57.167,Shipping on time,Same Day
2024-08-24,156743.0,9102.0,3,3,0,Центральный КЗ,Одежда,Караганда,Принтер,49.8047,73.0856,Advance shipping,Standard
2024-04-13,58407.0,11904.0,2,2,0,Северный КЗ,Хозтовары,Костанай,Кабель электрический,53.2144,63.6246,Shipping on time,Same Day
2024-08-31,40754.0,2744.0,4,3,1,Западный КЗ,Хозтовары,Атырау,Перчатки х/б,47.1167,51.9167,Shipping on time,Express
2024-03-18,315484.0,75169.0,3,2,1,Западный КЗ,Электроника,Уральск,Плитка керамическая,51.2278,51.3865,Late delivery,Same Day
2024-03-14,264318.0,62044.0,3,3,0,Северный КЗ,Продукты,Павлодар,Ноутбук,52.274,76.9483,Advance shipping,Same Day
2024-10-18,51863.0,5752.0,1,1,0,Северный КЗ,Хозтовары,Павлодар,Обувь защитная,52.274,76.9483,Shipping on time,Standard
2024-03-03,315616.0,62547.0,3,3,0,Северный КЗ,Инструменты,Астана,Ноутбук,51.169392,71.449074,Late delivery,Standard
2024-03-16,86126.0,17094.0,2,2,0,Южный КЗ,Электроника,Тараз,Рабочая одежда,42.8983,71.366,Late delivery,Standard
2024-06-22,98998.0,6086.0,2,2,0,Западный КЗ,Продукты,Атырау,Цемент (мешок 50кг),47.1167,51.9167,Late delivery,Express
2024-02-18,101582.0,16970.0,2,3,0,Южный КЗ,Электроника,Алматы,Принтер,43.238949,76.945465,Shipping on time,Same Day
2024-01-27,177124.0,27849.0,4,4,0,Северный КЗ,Одежда,Костанай,Арматура 12м,53.2144,63.6246,Shipping on time,Express
2024-03-16,353406.0,51637.0,2,3,0,Западный КЗ,Стройматериалы,Актобе,Плитка керамическая,50.2839,57.167,Shipping on time,Same Day
2024-01-16,310087.0,50091.0,4,4,0,Западный КЗ,Хозтовары,Уральск,Ноутбук,51.2278,51.3865,Shipping on time,Standard
2024-01-19,124184.0,10572.0,4,4,0,Южный КЗ,Хозтовары,Алматы,Болгарка,43.238949,76.945465,Shipping on time,Standard
2024-10-23,38360.0,1973.0,1,1,0,Восточный КЗ,Электроника,Семей,Перчатки х/б,50.4111,80.2275,Shipping on time,Standard
2024-04-01,69393.0,10708.0,2,2,0,Западный КЗ,Стройматериалы,Атырау,Сахар,47.1167,51.9167,Shipping on time,Standard
2024-10-22,40368.0,5795.0,1,1,0,Центральный КЗ,Одежда,Караганда,Дрель электрическая,49.8047,73.0856,Shipping on time,Express
2024-10-18,260186.0,42589.0,3,3,0,Южный КЗ,Продукты,Шымкент,Ноутбук,42.341686,69.590101,Shipping on time,Express
2024-06-30,135422.0,32376.0,4,4,0,Западный КЗ,Инструменты,Атырау,Принтер,47.1167,51.9167,Shipping on time,Standard
2024-10-03,154429.0,29620.0,4,2,1,Центральный КЗ,Одежда,Караганда,Болгарка,49.8047,73.0856,Advance shipping,Same Day
2024-04-18,81726.0,5301.0,3,3,0,Западный КЗ,Хозтовары,Уральск,Плитка керамическая,51.2278,51.3865,Shipping on time,Express
2024-10-01,22126.0,5131.0,4,4,0,Западный КЗ,Стройматериалы,Уральск,Каска,51.2278,51.3865,Late delivery,Same Day
2024-09-02,67745.0,12775.0,1,1,0,Западный КЗ,Стройматериалы,Атырау,Растительное масло,47.1167,51.9167,Advance shipping,Same Day
2024-08-03,149721.0,9215.0,0,1,0,Восточный КЗ,Хозтовары,Семей,Ноутбук,50.4111,80.2275,Advance shipping,Standard
2024-01-17,26792.0,4919.0,2,2,0,Западный КЗ,Электроника,Актобе,Электроды сварочные,50.2839,57.167,Shipping on time,Express
2024-08-01,50047.0,2827.0,3,4,0,Южный КЗ,Хозтовары,Шымкент,Дрель электрическая,42.341686,69.590101,Shipping on time,Same Day
2024-04-12,76860.0,6050.0,2,2,0,Восточный КЗ,Инструменты,Усть-Каменогорск,Цемент (мешок 50кг),49.9485,82.6113,Late delivery,Express
2024-06-10,70401.0,9858.0,4,3,1,Северный КЗ,Инструменты,Костанай,Болгарка,53.2144,63.6246,Shipping on time,Same Day
2024-02-04,173498.0,12992.0,2,2,0,Северный КЗ,Продукты,Астана,Принтер,51.169392,71.449074,Shipping on time,Express
2024-05-29,324473.0,26648.0,4,4,0,Восточный КЗ,Инструменты,Усть-Каменогорск,Ноутбук,49.9485,82.6113,Shipping on time,Same Day
2024-05-12,291878.0,17391.0,4,4,0,Северный КЗ,Электроника,Павлодар,Ноутбук,52.274,76.9483,Late delivery,Express
2024-07-14,27332.0,4871.0,3,3,0,Северный КЗ,Стройматериалы,Павлодар,Перчатки х/б,52.274,76.9483,Advance shipping,Same Day
2024-02-13,103556.0,20495.0,2,3,0,Южный КЗ,Инструменты,Шымкент,Кабель электрический,42.341686,69.590101,Late delivery,Same Day
2024-04-02,133186.0,9830.0,3,2,1,Центральный КЗ,Одежда,Караганда,Болгарка,49.8047,73.0856,Shipping on time,Standard
2024-08-06,144463.0,13393.0,2,2,0,Западный КЗ,Одежда,Уральск,Арматура 12м,51.2278,51.3865,Shipping on time,Standard
2024-10-17,187023.0,18390.0,7,5,1,Центральный КЗ,Инструменты,Караганда,Принтер,49.8047,73.0856,Shipping on time,Same Day
2024-08-19,61763.0,11049.0,1,1,0,Южный КЗ,Хозтовары,Тараз,Мука (мешок 50кг),42.8983,71.366,Shipping on time,Standard
2024-01-22,46455.0,3958.0,5,5,0,Южный КЗ,Продукты,Алматы,Растительное масло,43.238949,76.945465,Shipping on time,Same Day
2024-10-23,307186.0,57930.0,2,2,0,Восточный КЗ,Одежда,Семей,Плитка керамическая,50.4111,80.2275,Shipping on time,Standard
2024-02-04,48086.0,7869.0,4,4,0,Восточный КЗ,Одежда,Усть-Каменогорск,Упаковочная лента,49.9485,82.6113,Shipping on time,Same Day
2024-07-18,50547.0,9750.0,3,3,0,Западный КЗ,Продукты,Атырау,Средство для мытья,47.1167,51.9167,Shipping on time,Same Day
2024-07-17,36198.0,4147.0,2,2,0,Восточный КЗ,Электроника,Семей,Упаковочная лента,50.4111,80.2275,Advance shipping,Same Day
2024-03-29,183020.0,38725.0,3,3,0,Северный КЗ,Инструменты,Костанай,Принтер,53.2144,63.6246,Shipping on time,Same Day
2024-06-14,124171.0,19339.0,3,3,0,Южный КЗ,Электроника,Алматы,Мука (мешок 50кг),43.238949,76.945465,Shipping on time,Express
2024-03-27,30006.0,5651.0,2,2,0,Центральный КЗ,Электроника,Караганда,Электроды сварочные,49.8047,73.0856,Shipping on time,Standard
2024-08-18,108812.0,19576.0,3,3,0,Северный КЗ,Одежда,Астана,Арматура 12м,51.169392,71.449074,Shipping on time,Standard
2024-08-13,18512.0,1888.0,1,1,0,Западный КЗ,Инструменты,Уральск,Упаковочная лента,51.2278,51.3865,Late delivery,Standard
2024-01-03,41207.0,5660.0,5,4,1,Южный КЗ,Инструменты,Шымкент,Растительное масло,42.341686,69.590101,Shipping on time,Standard
2024-02-15,75106.0,9882.0,4,5,0,Северный КЗ,Инструменты,Костанай,Цемент (мешок 50кг),53.2144,63.6246,Shipping on time,Express
2024-04-12,48425.0,7643.0,4,3,1,Западный КЗ,Хозтовары,Актобе,Средство для мытья,50.2839,57.167,Advance shipping,Standard
2024-03-09,71008.0,4463.0,3,3,0,Северный КЗ,Одежда,Костанай,Принтер,53.2144,63.6246,Late delivery,Standard
2024-06-25,106423.0,16502.0,4,4,0,Северный КЗ,Стройматериалы,Астана,Принтер,51.169392,71.449074,Late delivery,Same Day
2024-03-12,115446.0,12859.0,4,4,0,Центральный КЗ,Электроника,Караганда,Рабочая одежда,49.8047,73.0856,Shipping on time,Standard
2024-05-28,31725.0,4435.0,4,3,1,Южный КЗ,Продукты,Алматы,Каска,43.238949,76.945465,Shipping on time,Express
2024-01-21,95125.0,15231.0,5,4,1,Северный КЗ,Инструменты,Павлодар,Принтер,52.274,76.9483,Shipping on time,Same Day
2024-06-02,107935.0,17194.0,4,4,0,Западный КЗ,Инструменты,Уральск,Мука (мешок 50кг),51.2278,51.3865,Shipping on time,Express
2024-08-19,17034.0,4081.0,4,4,0,Северный КЗ,Стройматериалы,Павлодар,Каска,52.274,76.9483,Shipping on time,Standard
2024-03-30,67667.0,16846.0,5,5,0,Северный КЗ,Одежда,Павлодар,Рабочая одежда,52.274,76.9483,Shipping on time,Standard
2024-06-12,59651.0,13638.0,4,4,0,Южный КЗ,Электроника,Алматы,Средство для мытья,43.238949,76.945465,Shipping on time,Standard
2024-06-01,106271.0,6959.0,2,2,0,Западный КЗ,Электроника,Атырау,Рабочая одежда,47.1167,51.9167,Shipping on time,Express
2024-07-22,183941.0,35069.0,3,3,0,Южный КЗ,Электроника,Шымкент,Принтер,42.341686,69.590101,Shipping on time,Express
2024-04-25,37204.0,5075.0,5,5,0,Западный КЗ,Одежда,Актобе,Кабель электрический,50.2839,57.167,Advance shipping,Standard
2024-01-24,106441.0,6346.0,3,3,0,Южный КЗ,Одежда,Шымкент,Рабочая одежда,42.341686,69.590101,Late delivery,Same Day
2024-09-23,268563.0,25937.0,4,4,0,Южный КЗ,Стройматериалы,Шымкент,Ноутбук,42.341686,69.590101,Late delivery,Standard
2024-06-26,346341.0,37561.0,3,3,0,Южный КЗ,Стройматериалы,Шымкент,Ноутбук,42.341686,69.590101,Shipping on time,Same Day
2024-05-11,126867.0,30380.0,3,2,1,Восточный КЗ,Электроника,Семей,Плитка керамическая,50.4111,80.2275,Shipping on time,Express
2024-08-04,26579.0,1823.0,2,2,0,Западный КЗ,Стройматериалы,Актобе,Упаковочная лента,50.2839,57.167,Shipping on time,Express
2024-06-12,131863.0,11793.0,2,2,0,Южный КЗ,Одежда,Алматы,Смартфон,43.238949,76.945465,Late delivery,Standard
2024-03-30,25314.0,4722.0,3,3,0,Северный КЗ,Одежда,Астана,Каска,51.169392,71.449074,Advance shipping,Standard
2024-02-28,32271.0,6078.0,6,4,1,Восточный КЗ,Инструменты,Усть-Каменогорск,Электроды сварочные,49.9485,82.6113,Shipping on time,Standard
2024-08-16,66628.0,6311.0,3,2,1,Западный КЗ,Продукты,Атырау,Кабель электрический,47.1167,51.9167,Shipping on time,Express
2024-06-19,100945.0,7033.0,1,2,0,Восточный КЗ,Электроника,Усть-Каменогорск,Кабель электрический,49.9485,82.6113,Shipping on time,Standard
2024-04-23,108190.0,11283.0,3,3,0,Западный КЗ,Одежда,Атырау,Растительное масло,47.1167,51.9167,Advance shipping,Express
2024-08-18,63873.0,5060.0,1,1,0,Северный КЗ,Хозтовары,Павлодар,Сахар,52.274,76.9483,Shipping on time,Same Day
2024-02-27,37452.0,8686.0,3,3,0,Южный КЗ,Хозтовары,Шымкент,Болгарка,42.341686,69.590101,Advance shipping,Standard
2024-04-07,58342.0,13603.0,2,2,0,Северный КЗ,Хозтовары,Павлодар,Упаковочная лента,52.274,76.9483,Shipping on time,Standard
2024-07-03,27011.0,2818.0,2,2,0,Южный КЗ,Продукты,Тараз,Сахар,42.8983,71.366,Advance shipping,Standard
2024-06-11,192363.0,16025.0,5,5,0,Западный КЗ,Хозтовары,Атырау,Арматура 12м,47.1167,51.9167,Advance shipping,Same Day
2024-04-19,99718.0,9846.0,3,3,0,Северный КЗ,Одежда,Астана,Растительное масло,51.169392,71.449074,Late delivery,Standard
2024-03-11,21350.0,4282.0,5,3,1,Западный КЗ,Инструменты,Атырау,Перчатки х/б,47.1167,51.9167,Shipping on time,Same Day
2024-01-11,201288.0,26608.0,3,3,0,Южный КЗ,Электроника,Шымкент,Принтер,42.341686,69.590101,Late delivery,Same Day
2024-04-23,37417.0,8408.0,1,2,0,Западный КЗ,Продукты,Атырау,Болгарка,47.1167,51.9167,Shipping on time,Same Day
2024-09-17,86928.0,16818.0,6,4,1,Восточный КЗ,Продукты,Усть-Каменогорск,Мука (мешок 50кг),49.9485,82.6113,Shipping on time,Same Day
2024-06-15,133522.0,12007.0,3,3,0,Восточный КЗ,Одежда,Семей,Мука (мешок 50кг),50.4111,80.2275,Advance shipping,Standard
2024-03-12,154774.0,25953.0,3,3,0,Южный КЗ,Хозтовары,Шымкент,Смартфон,42.341686,69.590101,Late delivery,Standard
2024-10-05,144756.0,8082.0,3,3,0,Восточный КЗ,Продукты,Усть-Каменогорск,Смартфон,49.9485,82.6113,Shipping on time,Standard
2024-08-28,136802.0,20722.0,2,1,1,Северный КЗ,Стройматериалы,Астана,Болгарка,51.169392,71.449074,Late delivery,Express
2024-09-29,173585.0,29032.0,4,4,0,Южный КЗ,Хозтовары,Алматы,Принтер,43.238949,76.945465,Shipping on time,Same Day
2024-10-04,135327.0,32070.0,4,4,0,Западный КЗ,Инструменты,Атырау,Принтер,47.1167,51.9167,Late delivery,Same Day
2024-09-25,26515.0,1595.0,3,3,0,Южный КЗ,Хозтовары,Тараз,Упаковочная лента,42.8983,71.366,Shipping on time,Express
2024-07-28,87622.0,19367.0,2,2,0,Западный КЗ,Стройматериалы,Атырау,Арматура 12м,47.1167,51.9167,Advance shipping,Same Day
2024-04-01,34550.0,7095.0,3,3,0,Западный КЗ,Продукты,Актобе,Перчатки х/б,50.2839,57.167,Shipping on time,Same Day
2024-05-18,17187.0,4256.0,1,1,0,Северный КЗ,Продукты,Астана,Перчатки х/б,51.169392,71.449074,Late delivery,Same Day
2024-07-10,12030.0,649.0,2,2,0,Южный КЗ,Электроника,Шымкент,Каска,42.341686,69.590101,Late delivery,Same Day
2024-09-12,119584.0,9798.0,4,3,1,Западный КЗ,Инструменты,Уральск,Арматура 12м,51.2278,51.3865,Advance shipping,Standard
2024-10-09,272073.0,20897.0,4,3,1,Центральный КЗ,Стройматериалы,Караганда,Плитка керамическая,49.8047,73.0856,Shipping on time,Express
2024-03-16,41587.0,2806.0,4,3,1,Северный КЗ,Хозтовары,Павлодар,Перчатки х/б,52.274,76.9483,Shipping on time,Same Day
2024-08-03,68252.0,16411.0,5,4,1,Северный КЗ,Продукты,Астана,Рабочая одежда,51.169392,71.449074,Advance shipping,Same Day
